weight,mag_pct,subject,pen_mult,n_seizures,tp,fp,n_ref,n_hyp,sensitivity,precision,f1,fp_per_day,fp_rate_full,mean_lat_s,n_inter_h
old_locked,40.0,chb03,0.3,7,7,146,7,286,1.0,0.0457516339869281,0.0875,92.4945006599208,92.20783018040409,-1.1428571428571428,37.88
old_locked,40.0,chb03,0.5,7,7,110,7,195,1.0,0.05982905982905983,0.11290322580645161,69.68763748350199,69.47165287564692,-4.0,37.88
old_locked,40.0,chb03,1.0,7,7,75,7,124,1.0,0.08536585365853659,0.15730337078651685,47.5142982842059,47.36703605157744,-15.428571428571429,37.88
old_locked,40.0,chb03,2.0,7,7,52,7,72,1.0,0.11864406779661017,0.21212121212121213,32.94324681038275,32.84114499576036,-21.142857142857142,37.88
old_locked,40.0,chb03,5.0,7,7,27,7,41,1.0,0.20588235294117646,0.34146341463414637,17.105147382314122,17.05213297856788,-21.142857142857142,37.88
old_locked,40.0,chb03,10.0,7,7,16,7,29,1.0,0.30434782608695654,0.4666666666666667,10.136383633963924,10.10496769100319,-9.714285714285714,37.88
old_locked,50.0,chb03,0.3,7,7,125,7,244,1.0,0.05303030303030303,0.10071942446043165,79.19049714034315,78.94506008596241,-1.1428571428571428,37.88
old_locked,50.0,chb03,0.5,7,7,87,7,167,1.0,0.07446808510638298,0.13861386138613863,55.11658600967884,54.94576181982984,-4.0,37.88
old_locked,50.0,chb03,1.0,7,7,63,7,107,1.0,0.1,0.18181818181818182,39.91201055873295,39.78831028332505,-15.428571428571429,37.88
old_locked,50.0,chb03,2.0,7,7,42,7,62,1.0,0.14285714285714285,0.25,26.608007039155304,26.52554018888337,-21.142857142857142,37.88
old_locked,50.0,chb03,5.0,7,7,22,7,36,1.0,0.2413793103448276,0.3888888888888889,13.937527496700396,13.894330575129384,-21.142857142857142,37.88
old_locked,50.0,chb03,10.0,7,7,13,7,26,1.0,0.35,0.5185185185185185,8.235811702595688,8.21028624894009,-9.714285714285714,37.88
old_locked,55.0,chb03,0.3,7,7,112,7,221,1.0,0.058823529411764705,0.1111111111111111,70.95468543774747,70.73477383702232,-1.1428571428571428,37.88
old_locked,55.0,chb03,0.5,7,7,77,7,153,1.0,0.08333333333333333,0.15384615384615385,48.78134623845139,48.63015701295284,-4.0,37.88
old_locked,55.0,chb03,1.0,7,7,56,7,98,1.0,0.1111111111111111,0.2,35.477342718873736,35.36738691851116,-15.428571428571429,37.88
old_locked,55.0,chb03,2.0,7,7,37,7,57,1.0,0.1590909090909091,0.27450980392156865,23.440387153541575,23.367737785444874,-21.142857142857142,37.88
old_locked,55.0,chb03,5.0,7,7,19,7,33,1.0,0.2692307692307692,0.42424242424242425,12.03695556533216,11.999649133066287,-21.142857142857142,37.88
old_locked,55.0,chb03,10.0,7,7,11,7,24,1.0,0.3888888888888889,0.56,6.968763748350198,6.947165287564692,-9.714285714285714,37.88
old_locked,60.0,chb03,0.3,7,7,94,7,200,1.0,0.06930693069306931,0.12962962962962962,59.55125384953806,59.366685184643735,-1.1428571428571428,37.88
old_locked,60.0,chb03,0.5,7,7,66,7,139,1.0,0.0958904109589041,0.175,41.812582490101185,41.68299172538815,-4.0,37.88
old_locked,60.0,chb03,1.0,7,7,48,7,89,1.0,0.12727272727272726,0.22580645161290322,30.409150901891778,30.314903073009564,-15.428571428571429,37.88
old_locked,60.0,chb03,2.0,7,7,32,7,52,1.0,0.1794871794871795,0.30434782608695654,20.272767267927847,20.20993538200638,-21.142857142857142,37.88
old_locked,60.0,chb03,5.0,7,7,17,7,31,1.0,0.2916666666666667,0.45161290322580644,10.76990761108667,10.736528171690887,-21.142857142857142,37.88
old_locked,60.0,chb03,10.0,7,7,10,7,23,1.0,0.4117647058823529,0.5833333333333334,6.335239771227453,6.315604806876992,-9.714285714285714,37.88
old_locked,65.0,chb03,0.3,7,7,80,7,179,1.0,0.08045977011494253,0.14893617021276595,50.681918169819625,50.52483845501594,-1.1428571428571428,37.88
old_locked,65.0,chb03,0.5,7,7,56,7,125,1.0,0.1111111111111111,0.2,35.477342718873736,35.36738691851116,-4.0,37.88
old_locked,65.0,chb03,1.0,7,7,44,7,80,1.0,0.13725490196078433,0.2413793103448276,27.87505499340079,27.78866115025877,-15.428571428571429,37.88
old_locked,65.0,chb03,2.0,7,7,27,7,47,1.0,0.20588235294117646,0.34146341463414637,17.105147382314122,17.05213297856788,-21.142857142857142,37.88
old_locked,65.0,chb03,5.0,7,7,14,7,28,1.0,0.3333333333333333,0.5,8.869335679718434,8.84184672962779,-21.142857142857142,37.88
old_locked,65.0,chb03,10.0,7,7,8,7,21,1.0,0.4666666666666667,0.6363636363636364,5.068191816981962,5.052483845501595,-9.714285714285714,37.88
old_locked,70.0,chb03,0.3,7,7,65,7,157,1.0,0.09722222222222222,0.17721518987341772,41.17905851297844,41.05143124470045,-1.1428571428571428,37.88
old_locked,70.0,chb03,0.5,7,7,48,7,111,1.0,0.12727272727272726,0.22580645161290322,30.409150901891778,30.314903073009564,-4.0,37.88
old_locked,70.0,chb03,1.0,7,7,36,7,71,1.0,0.16279069767441862,0.28,22.80686317641883,22.736177304757174,-15.428571428571429,37.88
old_locked,70.0,chb03,2.0,7,7,22,7,42,1.0,0.2413793103448276,0.3888888888888889,13.937527496700396,13.894330575129384,-21.142857142857142,37.88
old_locked,70.0,chb03,5.0,7,7,12,7,26,1.0,0.3684210526315789,0.5384615384615384,7.602287725472944,7.578725768252391,-21.142857142857142,37.88
old_locked,70.0,chb03,10.0,7,7,7,7,20,1.0,0.5,0.6666666666666666,4.434667839859217,4.420923364813895,-9.714285714285714,37.88
old_locked,75.0,chb03,0.3,7,7,50,7,136,1.0,0.12280701754385964,0.21875,31.676198856137265,31.578024034384963,-1.1428571428571428,37.88
old_locked,75.0,chb03,0.5,7,7,41,7,97,1.0,0.14583333333333334,0.2545454545454545,25.974483062032554,25.89397970819567,-4.0,37.88
old_locked,75.0,chb03,1.0,7,7,32,7,63,1.0,0.1794871794871795,0.30434782608695654,20.272767267927847,20.20993538200638,-15.428571428571429,37.88
old_locked,75.0,chb03,2.0,7,7,20,7,37,1.0,0.25925925925925924,0.4117647058823529,12.670479542454906,12.631209613753985,-21.142857142857142,37.88
old_locked,75.0,chb03,5.0,7,7,9,7,23,1.0,0.4375,0.6086956521739131,5.701715794104707,5.6840443261892935,-21.142857142857142,37.88
old_locked,75.0,chb03,10.0,7,7,6,7,18,1.0,0.5384615384615384,0.7,3.801143862736472,3.7893628841261955,4.571428571428571,37.88
old_locked,80.0,chb03,0.3,7,7,43,7,115,1.0,0.14,0.24561403508771928,27.24153101627805,27.15710066957107,-1.1428571428571428,37.88
old_locked,80.0,chb03,0.5,7,7,34,7,83,1.0,0.17073170731707318,0.2916666666666667,21.53981522217334,21.473056343381774,-4.0,37.88
old_locked,80.0,chb03,1.0,7,7,25,7,54,1.0,0.21875,0.358974358974359,15.838099428068633,15.789012017192482,-15.428571428571429,37.88
old_locked,80.0,chb03,2.0,7,7,16,7,32,1.0,0.30434782608695654,0.4666666666666667,10.136383633963924,10.10496769100319,-21.142857142857142,37.88
old_locked,80.0,chb03,5.0,7,7,8,7,20,1.0,0.4666666666666667,0.6363636363636364,5.068191816981962,5.052483845501595,-6.857142857142857,37.88
old_locked,80.0,chb03,10.0,7,6,6,7,16,0.8571428571428571,0.5,0.631578947368421,3.801143862736472,3.7893628841261955,8.666666666666666,37.88
old_locked,40.0,chb06,0.3,10,5,240,10,383,0.5,0.02040816326530612,0.0392156862745098,86.37840539865033,86.31368631368632,-8.8,66.68
old_locked,40.0,chb06,0.5,10,5,190,10,276,0.5,0.02564102564102564,0.04878048780487805,68.38290427393152,68.33166833166834,-8.8,66.68
old_locked,40.0,chb06,1.0,10,3,131,10,166,0.3,0.022388059701492536,0.041666666666666664,47.14821294676331,47.112887112887115,-14.666666666666666,66.68
old_locked,40.0,chb06,2.0,10,1,75,10,88,0.1,0.013157894736842105,0.023255813953488372,26.99325168707823,26.973026973026975,-12.0,66.68
old_locked,40.0,chb06,5.0,10,0,36,10,41,0.0,0.0,0.0,12.95676080979755,12.947052947052947,nan,66.68
old_locked,40.0,chb06,10.0,10,0,19,10,22,0.0,0.0,0.0,6.838290427393152,6.833166833166834,nan,66.68
old_locked,50.0,chb06,0.3,10,5,204,10,320,0.5,0.023923444976076555,0.045662100456621,73.42164458885279,73.36663336663337,-8.8,66.68
old_locked,50.0,chb06,0.5,10,4,164,10,230,0.4,0.023809523809523808,0.0449438202247191,59.025243689077726,58.981018981018984,-17.0,66.68
old_locked,50.0,chb06,1.0,10,3,110,10,139,0.3,0.02654867256637168,0.04878048780487805,39.5901024743814,39.56043956043956,-14.666666666666666,66.68
old_locked,50.0,chb06,2.0,10,1,61,10,74,0.1,0.016129032258064516,0.027777777777777776,21.954511372156958,21.93806193806194,-12.0,66.68
old_locked,50.0,chb06,5.0,10,0,29,10,34,0.0,0.0,0.0,10.437390652336916,10.42957042957043,nan,66.68
old_locked,50.0,chb06,10.0,10,0,16,10,19,0.0,0.0,0.0,5.758560359910022,5.754245754245755,nan,66.68
old_locked,55.0,chb06,0.3,10,4,186,10,288,0.4,0.021052631578947368,0.04,66.94326418395401,66.89310689310689,-17.0,66.68
old_locked,55.0,chb06,0.5,10,4,149,10,207,0.4,0.026143790849673203,0.049079754601226995,53.62659335166208,53.58641358641359,-17.0,66.68
old_locked,55.0,chb06,1.0,10,3,100,10,125,0.3,0.02912621359223301,0.05309734513274336,35.99100224943764,35.964035964035965,-14.666666666666666,66.68
old_locked,55.0,chb06,2.0,10,1,54,10,66,0.1,0.01818181818181818,0.03076923076923077,19.435141214696323,19.420579420579422,-12.0,66.68
old_locked,55.0,chb06,5.0,10,0,26,10,31,0.0,0.0,0.0,9.357660584853786,9.35064935064935,nan,66.68
old_locked,55.0,chb06,10.0,10,0,14,10,17,0.0,0.0,0.0,5.038740314921269,5.034965034965035,nan,66.68
old_locked,60.0,chb06,0.3,10,4,169,10,256,0.4,0.023121387283236993,0.04371584699453552,60.8247938015496,60.77922077922078,-17.0,66.68
old_locked,60.0,chb06,0.5,10,4,134,10,185,0.4,0.028985507246376812,0.05405405405405406,48.227943014246435,48.19180819180819,-17.0,66.68
old_locked,60.0,chb06,1.0,10,3,89,10,112,0.3,0.03260869565217391,0.058823529411764705,32.0319920019995,32.00799200799201,-14.666666666666666,66.68
old_locked,60.0,chb06,2.0,10,1,47,10,59,0.1,0.020833333333333332,0.034482758620689655,16.91577105723569,16.903096903096905,-12.0,66.68
old_locked,60.0,chb06,5.0,10,0,22,10,27,0.0,0.0,0.0,7.918020494876281,7.912087912087912,nan,66.68
old_locked,60.0,chb06,10.0,10,0,12,10,15,0.0,0.0,0.0,4.318920269932517,4.315684315684316,nan,66.68
old_locked,65.0,chb06,0.3,10,4,151,10,225,0.4,0.025806451612903226,0.048484848484848485,54.34641339665084,54.30569430569431,-17.0,66.68
old_locked,65.0,chb06,0.5,10,3,118,10,161,0.3,0.024793388429752067,0.04580152671755725,42.469382654336414,42.43756243756244,-14.666666666666666,66.68
old_locked,65.0,chb06,1.0,10,2,77,10,97,0.2,0.02531645569620253,0.0449438202247191,27.713071732066982,27.692307692307693,-20.0,66.68
old_locked,65.0,chb06,2.0,10,1,41,10,52,0.1,0.023809523809523808,0.038461538461538464,14.756310922269432,14.745254745254746,-12.0,66.68
old_locked,65.0,chb06,5.0,10,0,19,10,24,0.0,0.0,0.0,6.838290427393152,6.833166833166834,nan,66.68
old_locked,65.0,chb06,10.0,10,0,10,10,13,0.0,0.0,0.0,3.5991002249437636,3.5964035964035967,nan,66.68
old_locked,70.0,chb06,0.3,10,4,128,10,193,0.4,0.030303030303030304,0.056338028169014086,46.068482879280175,46.03396603396604,-17.0,66.68
old_locked,70.0,chb06,0.5,10,3,98,10,139,0.3,0.0297029702970297,0.05405405405405406,35.27118220444889,35.24475524475525,-14.666666666666666,66.68
old_locked,70.0,chb06,1.0,10,2,67,10,84,0.2,0.028985507246376812,0.05063291139240506,24.113971507123217,24.095904095904096,-20.0,66.68
old_locked,70.0,chb06,2.0,10,0,34,10,44,0.0,0.0,0.0,12.236940764808796,12.227772227772228,nan,66.68
old_locked,70.0,chb06,5.0,10,0,16,10,21,0.0,0.0,0.0,5.758560359910022,5.754245754245755,nan,66.68
old_locked,70.0,chb06,10.0,10,0,8,10,11,0.0,0.0,0.0,2.879280179955011,2.8771228771228774,nan,66.68
old_locked,75.0,chb06,0.3,10,3,108,10,161,0.3,0.02702702702702703,0.049586776859504134,38.870282429392645,38.841158841158844,-14.666666666666666,66.68
old_locked,75.0,chb06,0.5,10,2,82,10,115,0.2,0.023809523809523808,0.0425531914893617,29.512621844538863,29.490509490509492,-20.0,66.68
old_locked,75.0,chb06,1.0,10,1,54,10,69,0.1,0.01818181818181818,0.03076923076923077,19.435141214696323,19.420579420579422,-28.0,66.68
old_locked,75.0,chb06,2.0,10,0,27,10,37,0.0,0.0,0.0,9.717570607348161,9.710289710289711,nan,66.68
old_locked,75.0,chb06,5.0,10,0,13,10,17,0.0,0.0,0.0,4.678830292426893,4.675324675324675,nan,66.68
old_locked,75.0,chb06,10.0,10,0,7,10,10,0.0,0.0,0.0,2.5193701574606346,2.5174825174825175,nan,66.68
old_locked,80.0,chb06,0.3,10,2,83,10,128,0.2,0.023529411764705882,0.042105263157894736,29.87253186703324,29.85014985014985,-20.0,66.68
old_locked,80.0,chb06,0.5,10,2,64,10,93,0.2,0.030303030303030304,0.05263157894736842,23.034241439640088,23.01698301698302,-20.0,66.68
old_locked,80.0,chb06,1.0,10,0,41,10,55,0.0,0.0,0.0,14.756310922269432,14.745254745254746,nan,66.68
old_locked,80.0,chb06,2.0,10,0,20,10,29,0.0,0.0,0.0,7.198200449887527,7.1928071928071935,nan,66.68
old_locked,80.0,chb06,5.0,10,0,10,10,14,0.0,0.0,0.0,3.5991002249437636,3.5964035964035967,nan,66.68
old_locked,80.0,chb06,10.0,10,0,5,10,8,0.0,0.0,0.0,1.7995501124718818,1.7982017982017984,nan,66.68
old_locked,40.0,chb13,0.3,12,11,115,12,268,0.9166666666666666,0.0873015873015873,0.15942028985507245,84.04384896467721,83.63636363636364,-2.909090909090909,32.84
old_locked,40.0,chb13,0.5,12,11,101,12,216,0.9166666666666666,0.09821428571428571,0.1774193548387097,73.8124238733252,73.45454545454545,-4.7272727272727275,32.84
old_locked,40.0,chb13,1.0,12,9,76,12,137,0.75,0.10588235294117647,0.18556701030927836,55.542021924482334,55.27272727272727,-0.4444444444444444,32.84
old_locked,40.0,chb13,2.0,12,9,52,12,93,0.75,0.14754098360655737,0.2465753424657534,38.00243605359317,37.81818181818182,6.222222222222222,32.84
old_locked,40.0,chb13,5.0,12,6,24,12,40,0.5,0.2,0.2857142857142857,17.53958587088916,17.454545454545453,4.0,32.84
old_locked,40.0,chb13,10.0,12,3,12,12,18,0.25,0.2,0.2222222222222222,8.76979293544458,8.727272727272727,-4.0,32.84
old_locked,50.0,chb13,0.3,12,11,94,12,229,0.9166666666666666,0.10476190476190476,0.18803418803418803,68.6967113276492,68.36363636363636,-2.909090909090909,32.84
old_locked,50.0,chb13,0.5,12,11,82,12,186,0.9166666666666666,0.11827956989247312,0.20952380952380953,59.92691839220463,59.63636363636363,-4.7272727272727275,32.84
old_locked,50.0,chb13,1.0,12,9,62,12,118,0.75,0.1267605633802817,0.21686746987951808,45.310596833130326,45.09090909090909,-0.4444444444444444,32.84
old_locked,50.0,chb13,2.0,12,8,43,12,78,0.6666666666666666,0.1568627450980392,0.25396825396825395,31.425091352009744,31.272727272727273,5.0,32.84
old_locked,50.0,chb13,5.0,12,6,22,12,35,0.5,0.21428571428571427,0.3,16.077953714981728,16.0,4.0,32.84
old_locked,50.0,chb13,10.0,12,3,10,12,16,0.25,0.23076923076923078,0.24,7.308160779537149,7.2727272727272725,-4.0,32.84
old_locked,55.0,chb13,0.3,12,11,84,12,210,0.9166666666666666,0.11578947368421053,0.205607476635514,61.38855054811205,61.09090909090909,-2.909090909090909,32.84
old_locked,55.0,chb13,0.5,12,9,73,12,169,0.75,0.10975609756097561,0.19148936170212766,53.349573690621185,53.09090909090909,-2.6666666666666665,32.84
old_locked,55.0,chb13,1.0,12,9,54,12,109,0.75,0.14285714285714285,0.24,39.4640682095006,39.27272727272727,-0.4444444444444444,32.84
old_locked,55.0,chb13,2.0,12,8,40,12,71,0.6666666666666666,0.16666666666666666,0.26666666666666666,29.232643118148594,29.09090909090909,5.0,32.84
old_locked,55.0,chb13,5.0,12,6,20,12,33,0.5,0.23076923076923078,0.3157894736842105,14.616321559074297,14.545454545454545,4.0,32.84
old_locked,55.0,chb13,10.0,12,3,9,12,15,0.25,0.25,0.25,6.577344701583435,6.545454545454546,-4.0,32.84
old_locked,60.0,chb13,0.3,12,10,72,12,189,0.8333333333333334,0.12195121951219512,0.2127659574468085,52.61875761266748,52.36363636363637,-2.4,32.84
old_locked,60.0,chb13,0.5,12,9,65,12,153,0.75,0.12162162162162163,0.20930232558139536,47.50304506699147,47.27272727272727,-2.6666666666666665,32.84
old_locked,60.0,chb13,1.0,12,9,51,12,99,0.75,0.15,0.25,37.27161997563946,37.09090909090909,-0.4444444444444444,32.84
old_locked,60.0,chb13,2.0,12,8,38,12,65,0.6666666666666666,0.17391304347826086,0.27586206896551724,27.771010962241167,27.636363636363637,5.0,32.84
old_locked,60.0,chb13,5.0,12,6,17,12,30,0.5,0.2608695652173913,0.34285714285714286,12.423873325213155,12.363636363636363,4.0,32.84
old_locked,60.0,chb13,10.0,12,3,8,12,14,0.25,0.2727272727272727,0.2608695652173913,5.84652862362972,5.818181818181818,-4.0,32.84
old_locked,65.0,chb13,0.3,12,9,62,12,168,0.75,0.1267605633802817,0.21686746987951808,45.310596833130326,45.09090909090909,-2.6666666666666665,32.84
old_locked,65.0,chb13,0.5,12,9,55,12,138,0.75,0.140625,0.23684210526315788,40.19488428745432,40.0,-2.6666666666666665,32.84
old_locked,65.0,chb13,1.0,12,8,43,12,86,0.6666666666666666,0.1568627450980392,0.25396825396825395,31.425091352009744,31.272727272727273,7.5,32.84
old_locked,65.0,chb13,2.0,12,8,34,12,58,0.6666666666666666,0.19047619047619047,0.2962962962962963,24.84774665042631,24.727272727272727,12.5,32.84
old_locked,65.0,chb13,5.0,12,6,16,12,27,0.5,0.2727272727272727,0.35294117647058826,11.69305724725944,11.636363636363637,14.0,32.84
old_locked,65.0,chb13,10.0,12,3,7,12,13,0.25,0.3,0.2727272727272727,5.115712545676004,5.090909090909091,-4.0,32.84
old_locked,70.0,chb13,0.3,12,9,53,12,148,0.75,0.14516129032258066,0.24324324324324326,38.73325213154689,38.54545454545455,-2.6666666666666665,32.84
old_locked,70.0,chb13,0.5,12,9,48,12,121,0.75,0.15789473684210525,0.2608695652173913,35.07917174177832,34.90909090909091,-2.6666666666666665,32.84
old_locked,70.0,chb13,1.0,12,8,39,12,77,0.6666666666666666,0.1702127659574468,0.2711864406779661,28.50182704019488,28.363636363636363,7.5,32.84
old_locked,70.0,chb13,2.0,12,8,29,12,52,0.6666666666666666,0.21621621621621623,0.32653061224489793,21.193666260657732,21.09090909090909,12.5,32.84
old_locked,70.0,chb13,5.0,12,6,14,12,25,0.5,0.3,0.375,10.231425091352008,10.181818181818182,14.0,32.84
old_locked,70.0,chb13,10.0,12,3,6,12,12,0.25,0.3333333333333333,0.2857142857142857,4.38489646772229,4.363636363636363,-4.0,32.84
old_locked,75.0,chb13,0.3,12,9,46,12,127,0.75,0.16363636363636364,0.26865671641791045,33.61753958587089,33.45454545454545,1.7777777777777777,32.84
old_locked,75.0,chb13,0.5,12,9,40,12,102,0.75,0.1836734693877551,0.29508196721311475,29.232643118148594,29.09090909090909,6.222222222222222,32.84
old_locked,75.0,chb13,1.0,12,8,34,12,67,0.6666666666666666,0.19047619047619047,0.2962962962962963,24.84774665042631,24.727272727272727,12.5,32.84
old_locked,75.0,chb13,2.0,12,8,26,12,46,0.6666666666666666,0.23529411764705882,0.34782608695652173,19.001218026796586,18.90909090909091,12.5,32.84
old_locked,75.0,chb13,5.0,12,6,11,12,21,0.5,0.35294117647058826,0.41379310344827586,8.038976857490864,8.0,27.333333333333332,32.84
old_locked,75.0,chb13,10.0,12,3,5,12,10,0.25,0.375,0.3,3.6540803897685743,3.6363636363636362,-4.0,32.84
old_locked,80.0,chb13,0.3,12,8,38,12,103,0.6666666666666666,0.17391304347826086,0.27586206896551724,27.771010962241167,27.636363636363637,5.0,32.84
old_locked,80.0,chb13,0.5,12,8,33,12,85,0.6666666666666666,0.1951219512195122,0.3018867924528302,24.11693057247259,24.0,10.0,32.84
old_locked,80.0,chb13,1.0,12,8,28,12,58,0.6666666666666666,0.2222222222222222,0.3333333333333333,20.462850182704017,20.363636363636363,12.5,32.84
old_locked,80.0,chb13,2.0,12,7,20,12,38,0.5833333333333334,0.25925925925925924,0.358974358974359,14.616321559074297,14.545454545454545,8.0,32.84
old_locked,80.0,chb13,5.0,12,6,9,12,18,0.5,0.4,0.4444444444444444,6.577344701583435,6.545454545454546,27.333333333333332,32.84
old_locked,80.0,chb13,10.0,12,1,4,12,6,0.08333333333333333,0.2,0.11764705882352941,2.92326431181486,2.909090909090909,-12.0,32.84
old_locked,40.0,chb14,0.3,8,7,178,8,349,0.875,0.03783783783783784,0.07253886010362694,164.65247740996102,164.30769230769232,12.5,25.95
old_locked,40.0,chb14,0.5,8,7,157,8,270,0.875,0.042682926829268296,0.08139534883720931,145.22718513125778,144.92307692307693,2.2857142857142856,25.95
old_locked,40.0,chb14,1.0,8,7,113,8,163,0.875,0.058333333333333334,0.109375,104.52657273778425,104.30769230769232,13.714285714285714,25.95
old_locked,40.0,chb14,2.0,8,6,72,8,97,0.75,0.07692307692307693,0.13953488372093023,66.6010020984112,66.46153846153847,18.0,25.95
old_locked,40.0,chb14,5.0,8,1,27,8,31,0.125,0.03571428571428571,0.05555555555555555,24.975375786904202,24.923076923076923,-16.0,25.95
old_locked,40.0,chb14,10.0,8,0,17,8,17,0.0,0.0,0.0,15.725236606569311,15.692307692307693,nan,25.95
old_locked,50.0,chb14,0.3,8,7,151,8,292,0.875,0.04430379746835443,0.08433734939759036,139.67710162305684,139.3846153846154,2.2857142857142856,25.95
old_locked,50.0,chb14,0.5,8,7,137,8,227,0.875,0.04861111111111111,0.09210526315789473,126.72690677058799,126.46153846153847,2.2857142857142856,25.95
old_locked,50.0,chb14,1.0,8,7,97,8,137,0.875,0.0673076923076923,0.125,89.72635004924842,89.53846153846155,13.714285714285714,25.95
old_locked,50.0,chb14,2.0,8,5,60,8,81,0.625,0.07692307692307693,0.136986301369863,55.50083508200933,55.38461538461539,10.4,25.95
old_locked,50.0,chb14,5.0,8,1,22,8,26,0.125,0.043478260869565216,0.06451612903225806,20.350306196736756,20.30769230769231,-16.0,25.95
old_locked,50.0,chb14,10.0,8,0,14,8,14,0.0,0.0,0.0,12.950194852468844,12.923076923076923,nan,25.95
old_locked,55.0,chb14,0.3,8,7,144,8,264,0.875,0.046357615894039736,0.0880503144654088,133.2020041968224,132.92307692307693,2.2857142857142856,25.95
old_locked,55.0,chb14,0.5,8,7,127,8,205,0.875,0.05223880597014925,0.09859154929577464,117.4767675902531,117.23076923076924,13.714285714285714,25.95
old_locked,55.0,chb14,1.0,8,7,87,8,124,0.875,0.07446808510638298,0.13725490196078433,80.47621086891354,80.3076923076923,13.714285714285714,25.95
old_locked,55.0,chb14,2.0,8,5,54,8,73,0.625,0.0847457627118644,0.14925373134328357,49.950751573808404,49.84615384615385,10.4,25.95
old_locked,55.0,chb14,5.0,8,1,20,8,24,0.125,0.047619047619047616,0.06896551724137931,18.50027836066978,18.461538461538463,-16.0,25.95
old_locked,55.0,chb14,10.0,8,0,13,8,13,0.0,0.0,0.0,12.025180934435355,12.0,nan,25.95
old_locked,60.0,chb14,0.3,8,7,129,8,236,0.875,0.051470588235294115,0.09722222222222222,119.32679542632007,119.07692307692308,2.2857142857142856,25.95
old_locked,60.0,chb14,0.5,8,7,116,8,184,0.875,0.056910569105691054,0.10687022900763359,107.30161449188472,107.07692307692308,13.714285714285714,25.95
old_locked,60.0,chb14,1.0,8,6,79,8,110,0.75,0.07058823529411765,0.12903225806451613,73.07609952464563,72.92307692307693,6.666666666666667,25.95
old_locked,60.0,chb14,2.0,8,5,49,8,66,0.625,0.09259259259259259,0.16129032258064516,45.32568198364096,45.23076923076923,10.4,25.95
old_locked,60.0,chb14,5.0,8,1,17,8,21,0.125,0.05555555555555555,0.07692307692307693,15.725236606569311,15.692307692307693,-16.0,25.95
old_locked,60.0,chb14,10.0,8,0,11,8,11,0.0,0.0,0.0,10.175153098368378,10.153846153846155,nan,25.95
old_locked,65.0,chb14,0.3,8,7,116,8,208,0.875,0.056910569105691054,0.10687022900763359,107.30161449188472,107.07692307692308,13.714285714285714,25.95
old_locked,65.0,chb14,0.5,8,7,101,8,162,0.875,0.06481481481481481,0.1206896551724138,93.4264057213824,93.23076923076924,13.714285714285714,25.95
old_locked,65.0,chb14,1.0,8,6,72,8,97,0.75,0.07692307692307693,0.13953488372093023,66.6010020984112,66.46153846153847,6.666666666666667,25.95
old_locked,65.0,chb14,2.0,8,5,42,8,58,0.625,0.10638297872340426,0.18181818181818182,38.850584557406535,38.769230769230774,10.4,25.95
old_locked,65.0,chb14,5.0,8,1,15,8,19,0.125,0.0625,0.08333333333333333,13.875208770502333,13.846153846153847,-16.0,25.95
old_locked,65.0,chb14,10.0,8,0,10,8,10,0.0,0.0,0.0,9.25013918033489,9.230769230769232,nan,25.95
old_locked,70.0,chb14,0.3,8,7,99,8,180,0.875,0.0660377358490566,0.12280701754385964,91.57637788531541,91.38461538461539,13.714285714285714,25.95
old_locked,70.0,chb14,0.5,8,7,91,8,140,0.875,0.07142857142857142,0.1320754716981132,84.1762665410475,84.0,13.714285714285714,25.95
old_locked,70.0,chb14,1.0,8,6,62,8,84,0.75,0.08823529411764706,0.15789473684210525,57.35086291807632,57.23076923076923,6.666666666666667,25.95
old_locked,70.0,chb14,2.0,8,5,36,8,51,0.625,0.12195121951219512,0.20408163265306123,33.3005010492056,33.23076923076923,10.4,25.95
old_locked,70.0,chb14,5.0,8,1,12,8,16,0.125,0.07692307692307693,0.09523809523809523,11.100167016401867,11.076923076923078,-16.0,25.95
old_locked,70.0,chb14,10.0,8,0,9,8,9,0.0,0.0,0.0,8.3251252623014,8.307692307692308,nan,25.95
old_locked,75.0,chb14,0.3,8,6,83,8,151,0.75,0.06741573033707865,0.12371134020618557,76.77615519677958,76.61538461538463,6.666666666666667,25.95
old_locked,75.0,chb14,0.5,8,5,75,8,116,0.625,0.0625,0.11363636363636363,69.37604385251167,69.23076923076924,13.333333333333334,25.95
old_locked,75.0,chb14,1.0,8,5,53,8,71,0.625,0.08620689655172414,0.15151515151515152,49.02573765577491,48.92307692307693,10.4,25.95
old_locked,75.0,chb14,2.0,8,3,30,8,40,0.375,0.09090909090909091,0.14634146341463414,27.750417541004666,27.692307692307693,6.666666666666667,25.95
old_locked,75.0,chb14,5.0,8,1,11,8,14,0.125,0.08333333333333333,0.1,10.175153098368378,10.153846153846155,64.0,25.95
old_locked,75.0,chb14,10.0,8,0,7,8,7,0.0,0.0,0.0,6.475097426234422,6.461538461538462,nan,25.95
old_locked,80.0,chb14,0.3,8,5,65,8,120,0.625,0.07142857142857142,0.1282051282051282,60.12590467217678,60.00000000000001,13.333333333333334,25.95
old_locked,80.0,chb14,0.5,8,5,59,8,93,0.625,0.078125,0.1388888888888889,54.575821163975846,54.46153846153847,13.333333333333334,25.95
old_locked,80.0,chb14,1.0,8,5,41,8,58,0.625,0.10869565217391304,0.18518518518518517,37.92557063937305,37.84615384615385,10.4,25.95
old_locked,80.0,chb14,2.0,8,2,24,8,32,0.25,0.07692307692307693,0.11764705882352941,22.200334032803735,22.153846153846157,-22.0,25.95
old_locked,80.0,chb14,5.0,8,1,8,8,11,0.125,0.1111111111111111,0.11764705882352941,7.400111344267911,7.384615384615385,64.0,25.95
old_locked,80.0,chb14,10.0,8,0,6,8,6,0.0,0.0,0.0,5.550083508200934,5.538461538461539,nan,25.95
old_locked,40.0,chb15,0.3,20,19,180,20,402,0.95,0.09547738693467336,0.1735159817351598,109.54272673484911,107.9760053321484,7.7894736842105265,39.44
old_locked,40.0,chb15,0.5,20,19,153,20,304,0.95,0.11046511627906977,0.19791666666666666,93.11131772462176,91.77960453232615,15.157894736842104,39.44
old_locked,40.0,chb15,1.0,20,18,102,20,197,0.9,0.15,0.2571428571428571,62.074211816414504,61.18640302155077,17.11111111111111,39.44
old_locked,40.0,chb15,2.0,20,18,62,20,115,0.9,0.225,0.36,37.7313836531147,37.19173516996223,27.11111111111111,39.44
old_locked,40.0,chb15,5.0,20,17,28,20,63,0.85,0.37777777777777777,0.5230769230769231,17.039979714309865,16.796267496111973,29.647058823529413,39.44
old_locked,40.0,chb15,10.0,20,13,19,20,45,0.65,0.40625,0.5,11.562843377567408,11.397467229504555,32.61538461538461,39.44
old_locked,50.0,chb15,0.3,20,19,156,20,349,0.95,0.10857142857142857,0.19487179487179487,94.93702983686924,93.57920462119529,13.052631578947368,39.44
old_locked,50.0,chb15,0.5,20,19,123,20,266,0.95,0.13380281690140844,0.2345679012345679,74.8541966021469,73.78360364363475,15.157894736842104,39.44
old_locked,50.0,chb15,1.0,20,18,83,20,172,0.9,0.1782178217821782,0.2975206611570248,50.5113684388471,49.78893579204621,26.0,39.44
old_locked,50.0,chb15,2.0,20,18,51,20,102,0.9,0.2608695652173913,0.4044943820224719,31.037105908207252,30.593201510775383,31.555555555555557,39.44
old_locked,50.0,chb15,5.0,20,17,23,20,58,0.85,0.425,0.5666666666666667,13.997126193897387,13.796934014663409,29.647058823529413,39.44
old_locked,50.0,chb15,10.0,20,13,16,20,42,0.65,0.4482758620689655,0.5306122448979592,9.737131265319922,9.597867140635413,32.61538461538461,39.44
old_locked,55.0,chb15,0.3,20,19,137,20,322,0.95,0.12179487179487179,0.2159090909090909,83.37418645930184,82.18173739169073,13.052631578947368,39.44
old_locked,55.0,chb15,0.5,20,19,111,20,245,0.95,0.14615384615384616,0.25333333333333335,67.55134815315697,66.58520328815818,15.157894736842104,39.44
old_locked,55.0,chb15,1.0,20,18,75,20,159,0.9,0.1935483870967742,0.3185840707964602,45.642802806187134,44.9900022217285,30.444444444444443,39.44
old_locked,55.0,chb15,2.0,20,18,46,20,95,0.9,0.28125,0.42857142857142855,27.994252387794774,27.593868029326817,31.555555555555557,39.44
old_locked,55.0,chb15,5.0,20,17,21,20,56,0.85,0.4473684210526316,0.5862068965517241,12.779984785732399,12.597200622083982,29.647058823529413,39.44
old_locked,55.0,chb15,10.0,20,13,14,20,40,0.65,0.48148148148148145,0.5531914893617021,8.519989857154933,8.398133748055987,32.61538461538461,39.44
old_locked,60.0,chb15,0.3,20,19,117,20,294,0.95,0.13970588235294118,0.24358974358974358,71.20277237765194,70.18440346589647,13.052631578947368,39.44
old_locked,60.0,chb15,0.5,20,19,96,20,224,0.95,0.16521739130434782,0.2814814814814815,58.42278759191953,57.587202843812484,22.526315789473685,39.44
old_locked,60.0,chb15,1.0,20,18,69,20,147,0.9,0.20689655172413793,0.3364485981308411,41.99137858169217,41.39080204399022,30.444444444444443,39.44
old_locked,60.0,chb15,2.0,20,18,42,20,89,0.9,0.3,0.45,25.559969571464798,25.194401244167963,31.555555555555557,39.44
old_locked,60.0,chb15,5.0,20,17,19,20,53,0.85,0.4722222222222222,0.6071428571428571,11.562843377567408,11.397467229504555,29.647058823529413,39.44
old_locked,60.0,chb15,10.0,20,13,12,20,38,0.65,0.52,0.5777777777777777,7.302848448989941,7.1984003554765605,32.61538461538461,39.44
old_locked,65.0,chb15,0.3,20,19,102,20,266,0.95,0.15702479338842976,0.2695035460992908,62.074211816414504,61.18640302155077,20.42105263157895,39.44
old_locked,65.0,chb15,0.5,20,19,86,20,204,0.95,0.18095238095238095,0.304,52.33708055109457,51.58853588091535,22.526315789473685,39.44
old_locked,65.0,chb15,1.0,20,18,63,20,134,0.9,0.2222222222222222,0.3564356435643564,38.33995435719719,37.791601866251945,30.444444444444443,39.44
old_locked,65.0,chb15,2.0,20,18,37,20,82,0.9,0.32727272727272727,0.48,22.51711605105232,22.195067762719393,34.888888888888886,39.44
old_locked,65.0,chb15,5.0,20,17,17,20,50,0.85,0.5,0.6296296296296297,10.345701969402418,10.197733836925128,29.647058823529413,39.44
old_locked,65.0,chb15,10.0,20,13,11,20,37,0.65,0.5416666666666666,0.5909090909090909,6.6942777449074455,6.598533659186847,32.61538461538461,39.44
old_locked,70.0,chb15,0.3,20,19,84,20,238,0.95,0.18446601941747573,0.3089430894308943,51.119939142929596,50.38880248833593,20.42105263157895,39.44
old_locked,70.0,chb15,0.5,20,18,74,20,184,0.9,0.1956521739130435,0.32142857142857145,45.03423210210464,44.39013552543879,23.77777777777778,39.44
old_locked,70.0,chb15,1.0,20,18,56,20,123,0.9,0.24324324324324326,0.3829787234042553,34.07995942861973,33.592534992223946,30.444444444444443,39.44
old_locked,70.0,chb15,2.0,20,17,33,20,75,0.85,0.34,0.4857142857142857,20.08283323472234,19.795600977560543,28.470588235294116,39.44
old_locked,70.0,chb15,5.0,20,16,14,20,46,0.8,0.5333333333333333,0.64,8.519989857154933,8.398133748055987,23.25,39.44
old_locked,70.0,chb15,10.0,20,13,9,20,34,0.65,0.5909090909090909,0.6190476190476191,5.477136336742456,5.39880026660742,32.61538461538461,39.44
old_locked,75.0,chb15,0.3,20,18,71,20,211,0.9,0.20224719101123595,0.3302752293577982,43.20851998985715,42.59053543656965,21.555555555555557,39.44
old_locked,75.0,chb15,0.5,20,18,64,20,164,0.9,0.21951219512195122,0.35294117647058826,38.94852506127969,38.391468562541654,23.77777777777778,39.44
old_locked,75.0,chb15,1.0,20,18,46,20,111,0.9,0.28125,0.42857142857142855,27.994252387794774,27.593868029326817,30.444444444444443,39.44
old_locked,75.0,chb15,2.0,20,17,27,20,67,0.85,0.38636363636363635,0.53125,16.43140901022737,16.19640079982226,28.470588235294116,39.44
old_locked,75.0,chb15,5.0,20,16,12,20,43,0.8,0.5714285714285714,0.6666666666666666,7.302848448989941,7.1984003554765605,23.25,39.44
old_locked,75.0,chb15,10.0,20,13,8,20,33,0.65,0.6190476190476191,0.6341463414634146,4.868565632659961,4.798933570317707,32.61538461538461,39.44
old_locked,80.0,chb15,0.3,20,18,60,20,183,0.9,0.23076923076923078,0.3673469387755102,36.51424224494971,35.992001777382804,26.0,39.44
old_locked,80.0,chb15,0.5,20,18,51,20,143,0.9,0.2608695652173913,0.4044943820224719,31.037105908207252,30.593201510775383,28.22222222222222,39.44
old_locked,80.0,chb15,1.0,20,18,39,20,98,0.9,0.3157894736842105,0.4675324675324675,23.73425745921731,23.394801155298822,33.77777777777778,39.44
old_locked,80.0,chb15,2.0,20,16,21,20,60,0.8,0.43243243243243246,0.5614035087719298,12.779984785732399,12.597200622083982,22.0,39.44
old_locked,80.0,chb15,5.0,20,16,9,20,40,0.8,0.64,0.7111111111111111,5.477136336742456,5.39880026660742,23.25,39.44
old_locked,80.0,chb15,10.0,20,13,6,20,31,0.65,0.6842105263157895,0.6666666666666666,3.6514242244949706,3.5992001777382803,32.61538461538461,39.44
old_locked,40.0,chb16,0.3,10,9,58,10,120,0.9,0.13432835820895522,0.23376623376623376,73.38331771321462,73.26315789473685,-4.0,18.97
old_locked,40.0,chb16,0.5,10,9,48,10,96,0.9,0.15789473684210525,0.26865671641791045,60.73102155576383,60.631578947368425,-4.0,18.97
old_locked,40.0,chb16,1.0,10,6,35,10,54,0.6,0.14634146341463414,0.23529411764705882,44.283036551077785,44.21052631578947,16.0,18.97
old_locked,40.0,chb16,2.0,10,3,23,10,32,0.3,0.11538461538461539,0.16666666666666666,29.100281162136834,29.05263157894737,-2.6666666666666665,18.97
old_locked,40.0,chb16,5.0,10,0,13,10,17,0.0,0.0,0.0,16.447985004686036,16.42105263157895,nan,18.97
old_locked,40.0,chb16,10.0,10,0,7,10,7,0.0,0.0,0.0,8.856607310215558,8.842105263157896,nan,18.97
old_locked,50.0,chb16,0.3,10,9,49,10,102,0.9,0.15517241379310345,0.2647058823529412,61.996251171508916,61.89473684210527,-4.0,18.97
old_locked,50.0,chb16,0.5,10,8,45,10,79,0.8,0.1509433962264151,0.25396825396825395,56.935332708528584,56.8421052631579,-1.5,18.97
old_locked,50.0,chb16,1.0,10,5,29,10,45,0.5,0.14705882352941177,0.22727272727272727,36.69165885660731,36.631578947368425,12.0,18.97
old_locked,50.0,chb16,2.0,10,2,18,10,26,0.2,0.1,0.13333333333333333,22.774133083411435,22.736842105263158,10.0,18.97
old_locked,50.0,chb16,5.0,10,0,12,10,15,0.0,0.0,0.0,15.182755388940958,15.157894736842106,nan,18.97
old_locked,50.0,chb16,10.0,10,0,6,10,6,0.0,0.0,0.0,7.591377694470479,7.578947368421053,nan,18.97
old_locked,55.0,chb16,0.3,10,9,46,10,92,0.9,0.16363636363636364,0.27692307692307694,58.20056232427367,58.10526315789474,2.6666666666666665,18.97
old_locked,55.0,chb16,0.5,10,7,41,10,70,0.7,0.14583333333333334,0.2413793103448276,51.874414245548266,51.78947368421053,10.857142857142858,18.97
old_locked,55.0,chb16,1.0,10,5,28,10,41,0.5,0.15151515151515152,0.23255813953488372,35.426429240862234,35.36842105263158,12.0,18.97
old_locked,55.0,chb16,2.0,10,2,17,10,24,0.2,0.10526315789473684,0.13793103448275862,21.508903467666354,21.473684210526315,10.0,18.97
old_locked,55.0,chb16,5.0,10,0,10,10,13,0.0,0.0,0.0,12.652296157450799,12.631578947368421,nan,18.97
old_locked,55.0,chb16,10.0,10,0,5,10,5,0.0,0.0,0.0,6.326148078725399,6.315789473684211,nan,18.97
old_locked,60.0,chb16,0.3,10,7,41,10,79,0.7,0.14583333333333334,0.2413793103448276,51.874414245548266,51.78947368421053,10.857142857142858,18.97
old_locked,60.0,chb16,0.5,10,7,37,10,63,0.7,0.1590909090909091,0.25925925925925924,46.813495782567955,46.73684210526316,10.857142857142858,18.97
old_locked,60.0,chb16,1.0,10,4,26,10,36,0.4,0.13333333333333333,0.2,32.89597000937207,32.8421052631579,22.0,18.97
old_locked,60.0,chb16,2.0,10,2,15,10,21,0.2,0.11764705882352941,0.14814814814814814,18.978444236176195,18.947368421052634,10.0,18.97
old_locked,60.0,chb16,5.0,10,0,9,10,12,0.0,0.0,0.0,11.387066541705718,11.368421052631579,nan,18.97
old_locked,60.0,chb16,10.0,10,0,5,10,5,0.0,0.0,0.0,6.326148078725399,6.315789473684211,nan,18.97
old_locked,65.0,chb16,0.3,10,7,36,10,70,0.7,0.16279069767441862,0.2641509433962264,45.54826616682287,45.473684210526315,10.857142857142858,18.97
old_locked,65.0,chb16,0.5,10,7,32,10,56,0.7,0.1794871794871795,0.2857142857142857,40.48734770384255,40.42105263157895,10.857142857142858,18.97
old_locked,65.0,chb16,1.0,10,4,23,10,32,0.4,0.14814814814814814,0.21621621621621623,29.100281162136834,29.05263157894737,22.0,18.97
old_locked,65.0,chb16,2.0,10,2,13,10,18,0.2,0.13333333333333333,0.16,16.447985004686036,16.42105263157895,10.0,18.97
old_locked,65.0,chb16,5.0,10,0,7,10,10,0.0,0.0,0.0,8.856607310215558,8.842105263157896,nan,18.97
old_locked,65.0,chb16,10.0,10,0,4,10,4,0.0,0.0,0.0,5.060918462980319,5.052631578947369,nan,18.97
old_locked,70.0,chb16,0.3,10,6,31,10,61,0.6,0.16216216216216217,0.2553191489361702,39.222118088097474,39.15789473684211,6.666666666666667,18.97
old_locked,70.0,chb16,0.5,10,4,31,10,47,0.4,0.11428571428571428,0.17777777777777778,39.222118088097474,39.15789473684211,22.0,18.97
old_locked,70.0,chb16,1.0,10,4,20,10,29,0.4,0.16666666666666666,0.23529411764705882,25.304592314901598,25.263157894736842,22.0,18.97
old_locked,70.0,chb16,2.0,10,1,11,10,15,0.1,0.08333333333333333,0.09090909090909091,13.917525773195877,13.894736842105264,48.0,18.97
old_locked,70.0,chb16,5.0,10,0,6,10,9,0.0,0.0,0.0,7.591377694470479,7.578947368421053,nan,18.97
old_locked,70.0,chb16,10.0,10,0,4,10,4,0.0,0.0,0.0,5.060918462980319,5.052631578947369,nan,18.97
old_locked,75.0,chb16,0.3,10,4,29,10,50,0.4,0.12121212121212122,0.18604651162790697,36.69165885660731,36.631578947368425,22.0,18.97
old_locked,75.0,chb16,0.5,10,4,26,10,40,0.4,0.13333333333333333,0.2,32.89597000937207,32.8421052631579,22.0,18.97
old_locked,75.0,chb16,1.0,10,2,17,10,22,0.2,0.10526315789473684,0.13793103448275862,21.508903467666354,21.473684210526315,10.0,18.97
old_locked,75.0,chb16,2.0,10,0,9,10,12,0.0,0.0,0.0,11.387066541705718,11.368421052631579,nan,18.97
old_locked,75.0,chb16,5.0,10,0,6,10,8,0.0,0.0,0.0,7.591377694470479,7.578947368421053,nan,18.97
old_locked,75.0,chb16,10.0,10,0,3,10,3,0.0,0.0,0.0,3.7956888472352395,3.7894736842105265,nan,18.97
old_locked,80.0,chb16,0.3,10,4,23,10,41,0.4,0.14814814814814814,0.21621621621621623,29.100281162136834,29.05263157894737,22.0,18.97
old_locked,80.0,chb16,0.5,10,2,20,10,30,0.2,0.09090909090909091,0.125,25.304592314901598,25.263157894736842,10.0,18.97
old_locked,80.0,chb16,1.0,10,2,13,10,18,0.2,0.13333333333333333,0.16,16.447985004686036,16.42105263157895,10.0,18.97
old_locked,80.0,chb16,2.0,10,0,7,10,10,0.0,0.0,0.0,8.856607310215558,8.842105263157896,nan,18.97
old_locked,80.0,chb16,5.0,10,0,5,10,6,0.0,0.0,0.0,6.326148078725399,6.315789473684211,nan,18.97
old_locked,80.0,chb16,10.0,10,0,3,10,3,0.0,0.0,0.0,3.7956888472352395,3.7894736842105265,nan,18.97
old_locked,40.0,chb17,0.3,3,3,85,3,158,1.0,0.03409090909090909,0.06593406593406594,97.49362786745965,97.11202792764202,13.333333333333334,20.92
old_locked,40.0,chb17,0.5,3,3,70,3,114,1.0,0.0410958904109589,0.07894736842105263,80.28887000849619,79.97461123452872,46.666666666666664,20.92
old_locked,40.0,chb17,1.0,3,3,46,3,79,1.0,0.061224489795918366,0.11538461538461539,52.76125743415463,52.55474452554744,46.666666666666664,20.92
old_locked,40.0,chb17,2.0,3,2,27,3,48,0.6666666666666666,0.06896551724137931,0.125,30.96856414613424,30.847350047603932,28.0,20.92
old_locked,40.0,chb17,5.0,3,2,10,3,30,0.6666666666666666,0.16666666666666666,0.26666666666666666,11.469838572642312,11.424944462075532,38.0,20.92
old_locked,40.0,chb17,10.0,3,2,7,3,23,0.6666666666666666,0.2222222222222222,0.3333333333333333,8.028887000849618,7.997461123452871,108.0,20.92
old_locked,50.0,chb17,0.3,3,3,74,3,134,1.0,0.03896103896103896,0.075,84.8768054375531,84.54458901935892,13.333333333333334,20.92
old_locked,50.0,chb17,0.5,3,3,60,3,97,1.0,0.047619047619047616,0.09090909090909091,68.81903143585387,68.54966677245318,46.666666666666664,20.92
old_locked,50.0,chb17,1.0,3,3,35,3,68,1.0,0.07894736842105263,0.14634146341463414,40.144435004248095,39.98730561726436,46.666666666666664,20.92
old_locked,50.0,chb17,2.0,3,2,20,3,41,0.6666666666666666,0.09090909090909091,0.16,22.939677145284623,22.849888924151063,28.0,20.92
old_locked,50.0,chb17,5.0,3,2,8,3,26,0.6666666666666666,0.2,0.3076923076923077,9.17587085811385,9.139955569660424,38.0,20.92
old_locked,50.0,chb17,10.0,3,2,4,3,18,0.6666666666666666,0.3333333333333333,0.4444444444444444,4.587935429056925,4.569977784830212,108.0,20.92
old_locked,55.0,chb17,0.3,3,3,67,3,121,1.0,0.04285714285714286,0.0821917808219178,76.84791843670348,76.54712789590606,46.666666666666664,20.92
old_locked,55.0,chb17,0.5,3,3,51,3,88,1.0,0.05555555555555555,0.10526315789473684,58.49617672047579,58.267216756585206,46.666666666666664,20.92
old_locked,55.0,chb17,1.0,3,3,32,3,62,1.0,0.08571428571428572,0.15789473684210525,36.7034834324554,36.5598222786417,46.666666666666664,20.92
old_locked,55.0,chb17,2.0,3,2,17,3,38,0.6666666666666666,0.10526315789473684,0.18181818181818182,19.498725573491928,19.422405585528402,28.0,20.92
old_locked,55.0,chb17,5.0,3,2,6,3,23,0.6666666666666666,0.25,0.36363636363636365,6.8819031435853875,6.854966677245319,98.0,20.92
old_locked,55.0,chb17,10.0,3,1,3,3,14,0.3333333333333333,0.25,0.2857142857142857,3.4409515717926937,3.4274833386226593,156.0,20.92
old_locked,60.0,chb17,0.3,3,3,56,3,109,1.0,0.05084745762711865,0.0967741935483871,64.23109600679695,63.97968898762297,46.666666666666664,20.92
old_locked,60.0,chb17,0.5,3,3,43,3,80,1.0,0.06521739130434782,0.12244897959183673,49.320305862361934,49.127261186924784,46.666666666666664,20.92
old_locked,60.0,chb17,1.0,3,2,28,3,55,0.6666666666666666,0.06666666666666667,0.12121212121212122,32.11554800339847,31.989844493811486,18.0,20.92
old_locked,60.0,chb17,2.0,3,2,14,3,34,0.6666666666666666,0.125,0.21052631578947367,16.057774001699237,15.994922246905743,28.0,20.92
old_locked,60.0,chb17,5.0,3,2,5,3,22,0.6666666666666666,0.2857142857142857,0.4,5.734919286321156,5.712472231037766,98.0,20.92
old_locked,60.0,chb17,10.0,3,0,2,3,11,0.0,0.0,0.0,2.2939677145284625,2.284988892415106,nan,20.92
old_locked,65.0,chb17,0.3,3,3,44,3,97,1.0,0.06382978723404255,0.12,50.467289719626166,50.269755633132334,46.666666666666664,20.92
old_locked,65.0,chb17,0.5,3,3,36,3,71,1.0,0.07692307692307693,0.14285714285714285,41.29141886151232,41.12980006347191,46.666666666666664,20.92
old_locked,65.0,chb17,1.0,3,2,23,3,49,0.6666666666666666,0.08,0.14285714285714285,26.380628717077315,26.27737226277372,18.0,20.92
old_locked,65.0,chb17,2.0,3,2,11,3,31,0.6666666666666666,0.15384615384615385,0.25,12.616822429906541,12.567438908283084,28.0,20.92
old_locked,65.0,chb17,5.0,3,1,3,3,14,0.3333333333333333,0.25,0.2857142857142857,3.4409515717926937,3.4274833386226593,156.0,20.92
old_locked,65.0,chb17,10.0,3,0,2,3,10,0.0,0.0,0.0,2.2939677145284625,2.284988892415106,nan,20.92
old_locked,70.0,chb17,0.3,3,3,35,3,85,1.0,0.07894736842105263,0.14634146341463414,40.144435004248095,39.98730561726436,46.666666666666664,20.92
old_locked,70.0,chb17,0.5,3,2,31,3,62,0.6666666666666666,0.06060606060606061,0.1111111111111111,35.55649957519117,35.41732783243415,18.0,20.92
old_locked,70.0,chb17,1.0,3,2,18,3,44,0.6666666666666666,0.1,0.17391304347826086,20.64570943075616,20.564900031735956,18.0,20.92
old_locked,70.0,chb17,2.0,3,2,10,3,28,0.6666666666666666,0.16666666666666666,0.26666666666666666,11.469838572642312,11.424944462075532,28.0,20.92
old_locked,70.0,chb17,5.0,3,0,2,3,11,0.0,0.0,0.0,2.2939677145284625,2.284988892415106,nan,20.92
old_locked,70.0,chb17,10.0,3,0,2,3,9,0.0,0.0,0.0,2.2939677145284625,2.284988892415106,nan,20.92
old_locked,75.0,chb17,0.3,3,2,28,3,72,0.6666666666666666,0.06666666666666667,0.12121212121212122,32.11554800339847,31.989844493811486,18.0,20.92
old_locked,75.0,chb17,0.5,3,2,23,3,53,0.6666666666666666,0.08,0.14285714285714285,26.380628717077315,26.27737226277372,18.0,20.92
old_locked,75.0,chb17,1.0,3,2,14,3,38,0.6666666666666666,0.125,0.21052631578947367,16.057774001699237,15.994922246905743,18.0,20.92
old_locked,75.0,chb17,2.0,3,2,7,3,24,0.6666666666666666,0.2222222222222222,0.3333333333333333,8.028887000849618,7.997461123452871,98.0,20.92
old_locked,75.0,chb17,5.0,3,0,2,3,9,0.0,0.0,0.0,2.2939677145284625,2.284988892415106,nan,20.92
old_locked,75.0,chb17,10.0,3,0,2,3,7,0.0,0.0,0.0,2.2939677145284625,2.284988892415106,nan,20.92
old_locked,80.0,chb17,0.3,3,2,22,3,60,0.6666666666666666,0.08333333333333333,0.14814814814814814,25.233644859813083,25.134877816566167,18.0,20.92
old_locked,80.0,chb17,0.5,3,2,17,3,45,0.6666666666666666,0.10526315789473684,0.18181818181818182,19.498725573491928,19.422405585528402,18.0,20.92
old_locked,80.0,chb17,1.0,3,2,10,3,32,0.6666666666666666,0.16666666666666666,0.26666666666666666,11.469838572642312,11.424944462075532,18.0,20.92
old_locked,80.0,chb17,2.0,3,2,4,3,19,0.6666666666666666,0.3333333333333333,0.4444444444444444,4.587935429056925,4.569977784830212,98.0,20.92
old_locked,80.0,chb17,5.0,3,0,2,3,8,0.0,0.0,0.0,2.2939677145284625,2.284988892415106,nan,20.92
old_locked,80.0,chb17,10.0,3,0,2,3,6,0.0,0.0,0.0,2.2939677145284625,2.284988892415106,nan,20.92
old_locked,40.0,chb18,0.3,6,5,169,6,268,0.8333333333333334,0.028735632183908046,0.05555555555555555,114.12136180323255,113.82600561272217,0.0,35.54
old_locked,40.0,chb18,0.5,6,5,139,6,197,0.8333333333333334,0.034722222222222224,0.06666666666666667,93.86313189733328,93.62020579981291,4.0,35.54
old_locked,40.0,chb18,1.0,6,5,100,6,135,0.8333333333333334,0.047619047619047616,0.09009009009009009,67.52743301966423,67.35266604303087,0.0,35.54
old_locked,40.0,chb18,2.0,6,5,63,6,74,0.8333333333333334,0.07352941176470588,0.13513513513513514,42.54228280238847,42.43217960710945,-12.0,35.54
old_locked,40.0,chb18,5.0,6,5,30,6,41,0.8333333333333334,0.14285714285714285,0.24390243902439024,20.25822990589927,20.20579981290926,-12.0,35.54
old_locked,40.0,chb18,10.0,6,5,15,6,25,0.8333333333333334,0.25,0.38461538461538464,10.129114952949635,10.10289990645463,-12.0,35.54
old_locked,50.0,chb18,0.3,6,5,138,6,229,0.8333333333333334,0.03496503496503497,0.06711409395973154,93.18785756713665,92.9466791393826,0.0,35.54
old_locked,50.0,chb18,0.5,6,5,116,6,167,0.8333333333333334,0.04132231404958678,0.07874015748031496,78.33182230281051,78.1290926099158,4.0,35.54
old_locked,50.0,chb18,1.0,6,5,84,6,116,0.8333333333333334,0.056179775280898875,0.10526315789473684,56.72304373651795,56.57623947614593,0.0,35.54
old_locked,50.0,chb18,2.0,6,5,53,6,64,0.8333333333333334,0.08620689655172414,0.15625,35.78953950042204,35.69691300280636,-12.0,35.54
old_locked,50.0,chb18,5.0,6,5,25,6,36,0.8333333333333334,0.16666666666666666,0.2777777777777778,16.881858254916057,16.838166510757716,-12.0,35.54
old_locked,50.0,chb18,10.0,6,5,13,6,23,0.8333333333333334,0.2777777777777778,0.4166666666666667,8.77856629255635,8.755846585594012,-12.0,35.54
old_locked,55.0,chb18,0.3,6,5,124,6,208,0.8333333333333334,0.03875968992248062,0.07407407407407407,83.73401694438365,83.51730589335827,0.0,35.54
old_locked,55.0,chb18,0.5,6,5,103,6,152,0.8333333333333334,0.046296296296296294,0.08771929824561403,69.55325601025416,69.37324602432179,4.0,35.54
old_locked,55.0,chb18,1.0,6,5,74,6,106,0.8333333333333334,0.06329113924050633,0.11764705882352941,49.97030043455153,49.840972871842844,0.0,35.54
old_locked,55.0,chb18,2.0,6,5,47,6,58,0.8333333333333334,0.09615384615384616,0.1724137931034483,31.737893519242192,31.655753040224507,-12.0,35.54
old_locked,55.0,chb18,5.0,6,5,22,6,33,0.8333333333333334,0.18518518518518517,0.30303030303030304,14.856035264326131,14.81758652946679,-12.0,35.54
old_locked,55.0,chb18,10.0,6,5,11,6,21,0.8333333333333334,0.3125,0.45454545454545453,7.4280176321630655,7.408793264733395,-12.0,35.54
old_locked,60.0,chb18,0.3,6,5,108,6,188,0.8333333333333334,0.04424778761061947,0.08403361344537816,72.92962766123736,72.74087932647333,0.0,35.54
old_locked,60.0,chb18,0.5,6,5,94,6,138,0.8333333333333334,0.050505050505050504,0.09523809523809523,63.475787038484384,63.311506080449014,4.0,35.54
old_locked,60.0,chb18,1.0,6,5,65,6,96,0.8333333333333334,0.07142857142857142,0.13157894736842105,43.89283146278175,43.779232927970064,0.0,35.54
old_locked,60.0,chb18,2.0,6,5,42,6,53,0.8333333333333334,0.10638297872340426,0.18867924528301888,28.361521868258976,28.288119738072965,-12.0,35.54
old_locked,60.0,chb18,5.0,6,5,20,6,31,0.8333333333333334,0.2,0.3225806451612903,13.505486603932848,13.470533208606174,-12.0,35.54
old_locked,60.0,chb18,10.0,6,5,10,6,20,0.8333333333333334,0.3333333333333333,0.47619047619047616,6.752743301966424,6.735266604303087,-12.0,35.54
old_locked,65.0,chb18,0.3,6,5,95,6,168,0.8333333333333334,0.05,0.09433962264150944,64.15106136868101,63.985032740879326,0.0,35.54
old_locked,65.0,chb18,0.5,6,5,83,6,123,0.8333333333333334,0.056818181818181816,0.10638297872340426,56.04776940632132,55.90271281571562,4.0,35.54
old_locked,65.0,chb18,1.0,6,5,57,6,86,0.8333333333333334,0.08064516129032258,0.14705882352941177,38.49063682120861,38.391019644527596,0.0,35.54
old_locked,65.0,chb18,2.0,6,5,37,6,48,0.8333333333333334,0.11904761904761904,0.20833333333333334,24.985150217275766,24.920486435921422,-12.0,35.54
old_locked,65.0,chb18,5.0,6,5,17,6,28,0.8333333333333334,0.22727272727272727,0.35714285714285715,11.47966361334292,11.449953227315248,-12.0,35.54
old_locked,65.0,chb18,10.0,6,5,9,6,19,0.8333333333333334,0.35714285714285715,0.5,6.077468971769782,6.061739943872778,-12.0,35.54
old_locked,70.0,chb18,0.3,6,5,83,6,148,0.8333333333333334,0.056818181818181816,0.10638297872340426,56.04776940632132,55.90271281571562,0.0,35.54
old_locked,70.0,chb18,0.5,6,5,71,6,108,0.8333333333333334,0.06578947368421052,0.12195121951219512,47.9444774439616,47.820392890551915,4.0,35.54
old_locked,70.0,chb18,1.0,6,5,50,6,76,0.8333333333333334,0.09090909090909091,0.16393442622950818,33.763716509832115,33.67633302151543,0.0,35.54
old_locked,70.0,chb18,2.0,6,5,31,6,42,0.8333333333333334,0.1388888888888889,0.23809523809523808,20.933504236095914,20.879326473339567,-12.0,35.54
old_locked,70.0,chb18,5.0,6,5,15,6,26,0.8333333333333334,0.25,0.38461538461538464,10.129114952949635,10.10289990645463,-12.0,35.54
old_locked,70.0,chb18,10.0,6,5,8,6,18,0.8333333333333334,0.38461538461538464,0.5263157894736842,5.402194641573138,5.388213283442469,-12.0,35.54
old_locked,75.0,chb18,0.3,6,5,68,6,127,0.8333333333333334,0.0684931506849315,0.12658227848101267,45.91865445337168,45.79981290926099,0.0,35.54
old_locked,75.0,chb18,0.5,6,5,61,6,93,0.8333333333333334,0.07575757575757576,0.1388888888888889,41.191734141995184,41.08512628624883,4.0,35.54
old_locked,75.0,chb18,1.0,6,5,42,6,66,0.8333333333333334,0.10638297872340426,0.18867924528301888,28.361521868258976,28.288119738072965,0.0,35.54
old_locked,75.0,chb18,2.0,6,5,26,6,37,0.8333333333333334,0.16129032258064516,0.2702702702702703,17.5571325851127,17.511693171188025,-12.0,35.54
old_locked,75.0,chb18,5.0,6,5,13,6,23,0.8333333333333334,0.2777777777777778,0.4166666666666667,8.77856629255635,8.755846585594012,-12.0,35.54
old_locked,75.0,chb18,10.0,6,5,7,6,17,0.8333333333333334,0.4166666666666667,0.5555555555555556,4.726920311376496,4.7146866230121605,-12.0,35.54
old_locked,80.0,chb18,0.3,6,5,54,6,107,0.8333333333333334,0.0847457627118644,0.15384615384615385,36.46481383061868,36.37043966323667,0.0,35.54
old_locked,80.0,chb18,0.5,6,5,50,6,79,0.8333333333333334,0.09090909090909091,0.16393442622950818,33.763716509832115,33.67633302151543,4.0,35.54
old_locked,80.0,chb18,1.0,6,5,34,6,56,0.8333333333333334,0.1282051282051282,0.2222222222222222,22.95932722668584,22.899906454630496,0.0,35.54
old_locked,80.0,chb18,2.0,6,5,22,6,32,0.8333333333333334,0.18518518518518517,0.30303030303030304,14.856035264326131,14.81758652946679,-12.0,35.54
old_locked,80.0,chb18,5.0,6,5,11,6,21,0.8333333333333334,0.3125,0.45454545454545453,7.4280176321630655,7.408793264733395,-12.0,35.54
old_locked,80.0,chb18,10.0,6,5,5,6,15,0.8333333333333334,0.5,0.625,3.376371650983212,3.3676333021515434,-12.0,35.54
new_decision19,40.0,chb03,0.3,7,7,153,7,291,1.0,0.04375,0.08383233532934131,96.92916849978003,96.62875354521799,-6.857142857142857,37.88
new_decision19,40.0,chb03,0.5,7,7,110,7,194,1.0,0.05982905982905983,0.11290322580645161,69.68763748350199,69.47165287564692,-9.714285714285714,37.88
new_decision19,40.0,chb03,1.0,7,7,77,7,116,1.0,0.08333333333333333,0.15384615384615385,48.78134623845139,48.63015701295284,-18.285714285714285,37.88
new_decision19,40.0,chb03,2.0,7,7,51,7,73,1.0,0.1206896551724138,0.2153846153846154,32.30972283326001,32.20958451507266,-21.142857142857142,37.88
new_decision19,40.0,chb03,5.0,7,7,26,7,39,1.0,0.21212121212121213,0.35,16.471623405191377,16.42057249788018,-9.714285714285714,37.88
new_decision19,40.0,chb03,10.0,7,7,17,7,29,1.0,0.2916666666666667,0.45161290322580644,10.76990761108667,10.736528171690887,4.571428571428571,37.88
new_decision19,50.0,chb03,0.3,7,7,129,7,247,1.0,0.051470588235294115,0.0979020979020979,81.72459304883414,81.47130200871321,-6.857142857142857,37.88
new_decision19,50.0,chb03,0.5,7,7,94,7,165,1.0,0.06930693069306931,0.12962962962962962,59.55125384953806,59.366685184643735,-9.714285714285714,37.88
new_decision19,50.0,chb03,1.0,7,7,63,7,99,1.0,0.1,0.18181818181818182,39.91201055873295,39.78831028332505,-18.285714285714285,37.88
new_decision19,50.0,chb03,2.0,7,7,42,7,63,1.0,0.14285714285714285,0.25,26.608007039155304,26.52554018888337,-21.142857142857142,37.88
new_decision19,50.0,chb03,5.0,7,7,22,7,35,1.0,0.2413793103448276,0.3888888888888889,13.937527496700396,13.894330575129384,-9.714285714285714,37.88
new_decision19,50.0,chb03,10.0,7,7,14,7,26,1.0,0.3333333333333333,0.5,8.869335679718434,8.84184672962779,4.571428571428571,37.88
new_decision19,55.0,chb03,0.3,7,7,113,7,224,1.0,0.058333333333333334,0.11023622047244094,71.58820941487022,71.36633431771001,-6.857142857142857,37.88
new_decision19,55.0,chb03,0.5,7,7,86,7,151,1.0,0.07526881720430108,0.14,54.4830620325561,54.31420133914214,-9.714285714285714,37.88
new_decision19,55.0,chb03,1.0,7,7,57,7,91,1.0,0.109375,0.19718309859154928,36.11086669599648,35.99894739919886,-18.285714285714285,37.88
new_decision19,55.0,chb03,2.0,7,7,36,7,57,1.0,0.16279069767441862,0.28,22.80686317641883,22.736177304757174,-21.142857142857142,37.88
new_decision19,55.0,chb03,5.0,7,7,19,7,32,1.0,0.2692307692307692,0.42424242424242425,12.03695556533216,11.999649133066287,-9.714285714285714,37.88
new_decision19,55.0,chb03,10.0,7,7,12,7,24,1.0,0.3684210526315789,0.5384615384615384,7.602287725472944,7.578725768252391,4.571428571428571,37.88
new_decision19,60.0,chb03,0.3,7,7,104,7,202,1.0,0.06306306306306306,0.11864406779661017,65.8864936207655,65.68228999152072,-6.857142857142857,37.88
new_decision19,60.0,chb03,0.5,7,7,74,7,137,1.0,0.08641975308641975,0.1590909090909091,46.88077430708315,46.73547557088975,-9.714285714285714,37.88
new_decision19,60.0,chb03,1.0,7,7,49,7,82,1.0,0.125,0.2222222222222222,31.04267487901452,30.946463553697264,-18.285714285714285,37.88
new_decision19,60.0,chb03,2.0,7,7,32,7,52,1.0,0.1794871794871795,0.30434782608695654,20.272767267927847,20.20993538200638,-21.142857142857142,37.88
new_decision19,60.0,chb03,5.0,7,7,17,7,30,1.0,0.2916666666666667,0.45161290322580644,10.76990761108667,10.736528171690887,-9.714285714285714,37.88
new_decision19,60.0,chb03,10.0,7,7,11,7,23,1.0,0.3888888888888889,0.56,6.968763748350198,6.947165287564692,4.571428571428571,37.88
new_decision19,65.0,chb03,0.3,7,7,91,7,180,1.0,0.07142857142857142,0.13333333333333333,57.65068191816982,57.47200374258063,-6.857142857142857,37.88
new_decision19,65.0,chb03,0.5,7,7,65,7,122,1.0,0.09722222222222222,0.17721518987341772,41.17905851297844,41.05143124470045,-9.714285714285714,37.88
new_decision19,65.0,chb03,1.0,7,7,43,7,74,1.0,0.14,0.24561403508771928,27.24153101627805,27.15710066957107,-18.285714285714285,37.88
new_decision19,65.0,chb03,2.0,7,7,28,7,47,1.0,0.2,0.3333333333333333,17.738671359436868,17.68369345925558,-21.142857142857142,37.88
new_decision19,65.0,chb03,5.0,7,7,14,7,27,1.0,0.3333333333333333,0.5,8.869335679718434,8.84184672962779,-9.714285714285714,37.88
new_decision19,65.0,chb03,10.0,7,7,9,7,21,1.0,0.4375,0.6086956521739131,5.701715794104707,5.6840443261892935,4.571428571428571,37.88
new_decision19,70.0,chb03,0.3,7,7,76,7,158,1.0,0.08433734939759036,0.15555555555555556,48.14782226132864,47.99859653226515,-6.857142857142857,37.88
new_decision19,70.0,chb03,0.5,7,7,53,7,108,1.0,0.11666666666666667,0.208955223880597,33.5767707875055,33.47270547644806,-9.714285714285714,37.88
new_decision19,70.0,chb03,1.0,7,7,38,7,65,1.0,0.15555555555555556,0.2692307692307692,24.07391113066432,23.999298266132573,-18.285714285714285,37.88
new_decision19,70.0,chb03,2.0,7,7,23,7,42,1.0,0.23333333333333334,0.3783783783783784,14.57105147382314,14.525891055817084,-21.142857142857142,37.88
new_decision19,70.0,chb03,5.0,7,7,13,7,25,1.0,0.35,0.5185185185185185,8.235811702595688,8.21028624894009,4.571428571428571,37.88
new_decision19,70.0,chb03,10.0,7,7,8,7,20,1.0,0.4666666666666667,0.6363636363636364,5.068191816981962,5.052483845501595,4.571428571428571,37.88
new_decision19,75.0,chb03,0.3,7,7,62,7,136,1.0,0.10144927536231885,0.18421052631578946,39.27848658161021,39.15674980263736,-6.857142857142857,37.88
new_decision19,75.0,chb03,0.5,7,7,44,7,94,1.0,0.13725490196078433,0.2413793103448276,27.87505499340079,27.78866115025877,-9.714285714285714,37.88
new_decision19,75.0,chb03,1.0,7,7,31,7,57,1.0,0.18421052631578946,0.3111111111111111,19.639243290805105,19.57837490131868,-18.285714285714285,37.88
new_decision19,75.0,chb03,2.0,7,7,21,7,37,1.0,0.25,0.4,13.304003519577652,13.262770094441684,-21.142857142857142,37.88
new_decision19,75.0,chb03,5.0,7,7,11,7,23,1.0,0.3888888888888889,0.56,6.968763748350198,6.947165287564692,4.571428571428571,37.88
new_decision19,75.0,chb03,10.0,7,7,6,7,18,1.0,0.5384615384615384,0.7,3.801143862736472,3.7893628841261955,4.571428571428571,37.88
new_decision19,80.0,chb03,0.3,7,7,47,7,114,1.0,0.12962962962962962,0.22950819672131148,29.77562692476903,29.683342592321868,-6.857142857142857,37.88
new_decision19,80.0,chb03,0.5,7,7,37,7,80,1.0,0.1590909090909091,0.27450980392156865,23.440387153541575,23.367737785444874,-9.714285714285714,37.88
new_decision19,80.0,chb03,1.0,7,7,26,7,48,1.0,0.21212121212121213,0.35,16.471623405191377,16.42057249788018,-18.285714285714285,37.88
new_decision19,80.0,chb03,2.0,7,7,17,7,32,1.0,0.2916666666666667,0.45161290322580644,10.76990761108667,10.736528171690887,-6.857142857142857,37.88
new_decision19,80.0,chb03,5.0,7,5,9,7,18,0.7142857142857143,0.35714285714285715,0.47619047619047616,5.701715794104707,5.6840443261892935,-1.6,37.88
new_decision19,80.0,chb03,10.0,7,7,6,7,17,1.0,0.5384615384615384,0.7,3.801143862736472,3.7893628841261955,18.857142857142858,37.88
new_decision19,40.0,chb06,0.3,10,6,238,10,391,0.6,0.02459016393442623,0.047244094488188976,85.65858535366158,85.5944055944056,-8.666666666666666,66.68
new_decision19,40.0,chb06,0.5,10,6,193,10,279,0.6,0.03015075376884422,0.05741626794258373,69.46263434141464,69.41058941058941,-0.6666666666666666,66.68
new_decision19,40.0,chb06,1.0,10,3,134,10,170,0.3,0.021897810218978103,0.04081632653061224,48.227943014246435,48.19180819180819,-14.666666666666666,66.68
new_decision19,40.0,chb06,2.0,10,2,70,10,87,0.2,0.027777777777777776,0.04878048780487805,25.19370157460635,25.174825174825177,2.0,66.68
new_decision19,40.0,chb06,5.0,10,0,33,10,38,0.0,0.0,0.0,11.877030742314421,11.868131868131869,nan,66.68
new_decision19,40.0,chb06,10.0,10,0,19,10,22,0.0,0.0,0.0,6.838290427393152,6.833166833166834,nan,66.68
new_decision19,50.0,chb06,0.3,10,5,210,10,326,0.5,0.023255813953488372,0.044444444444444446,75.58110472381904,75.52447552447553,-15.2,66.68
new_decision19,50.0,chb06,0.5,10,5,163,10,233,0.5,0.02976190476190476,0.056179775280898875,58.66533366658335,58.621378621378625,-15.2,66.68
new_decision19,50.0,chb06,1.0,10,3,114,10,142,0.3,0.02564102564102564,0.047244094488188976,41.02974256435891,40.999000999001,-14.666666666666666,66.68
new_decision19,50.0,chb06,2.0,10,2,58,10,73,0.2,0.03333333333333333,0.05714285714285714,20.87478130467383,20.85914085914086,2.0,66.68
new_decision19,50.0,chb06,5.0,10,0,27,10,32,0.0,0.0,0.0,9.717570607348161,9.710289710289711,nan,66.68
new_decision19,50.0,chb06,10.0,10,0,15,10,18,0.0,0.0,0.0,5.398650337415646,5.394605394605395,nan,66.68
new_decision19,55.0,chb06,0.3,10,5,192,10,294,0.5,0.025380710659898477,0.04830917874396135,69.10272431892027,69.05094905094906,-15.2,66.68
new_decision19,55.0,chb06,0.5,10,4,153,10,210,0.4,0.025477707006369428,0.04790419161676647,55.06623344163959,55.02497502497503,-17.0,66.68
new_decision19,55.0,chb06,1.0,10,3,102,10,128,0.3,0.02857142857142857,0.05217391304347826,36.71082229442639,36.68331668331668,-14.666666666666666,66.68
new_decision19,55.0,chb06,2.0,10,2,52,10,66,0.2,0.037037037037037035,0.0625,18.715321169707572,18.7012987012987,2.0,66.68
new_decision19,55.0,chb06,5.0,10,0,24,10,29,0.0,0.0,0.0,8.637840539865033,8.631368631368632,nan,66.68
new_decision19,55.0,chb06,10.0,10,0,13,10,16,0.0,0.0,0.0,4.678830292426893,4.675324675324675,nan,66.68
new_decision19,60.0,chb06,0.3,10,5,171,10,262,0.5,0.028409090909090908,0.053763440860215055,61.544613846538354,61.498501498501504,-15.2,66.68
new_decision19,60.0,chb06,0.5,10,4,141,10,187,0.4,0.027586206896551724,0.05161290322580645,50.74731317170708,50.70929070929071,-17.0,66.68
new_decision19,60.0,chb06,1.0,10,3,90,10,114,0.3,0.03225806451612903,0.05825242718446602,32.391902024493874,32.36763236763237,-14.666666666666666,66.68
new_decision19,60.0,chb06,2.0,10,2,45,10,59,0.2,0.0425531914893617,0.07017543859649122,16.195951012246937,16.183816183816184,2.0,66.68
new_decision19,60.0,chb06,5.0,10,0,21,10,26,0.0,0.0,0.0,7.5581104723819035,7.5524475524475525,nan,66.68
new_decision19,60.0,chb06,10.0,10,0,12,10,15,0.0,0.0,0.0,4.318920269932517,4.315684315684316,nan,66.68
new_decision19,65.0,chb06,0.3,10,4,154,10,230,0.4,0.02531645569620253,0.047619047619047616,55.426143464133965,55.38461538461539,-17.0,66.68
new_decision19,65.0,chb06,0.5,10,4,124,10,164,0.4,0.03125,0.057971014492753624,44.62884278930267,44.595404595404595,-17.0,66.68
new_decision19,65.0,chb06,1.0,10,3,79,10,100,0.3,0.036585365853658534,0.06521739130434782,28.432891777055733,28.41158841158841,-14.666666666666666,66.68
new_decision19,65.0,chb06,2.0,10,2,39,10,52,0.2,0.04878048780487805,0.0784313725490196,14.036490877280679,14.025974025974026,2.0,66.68
new_decision19,65.0,chb06,5.0,10,0,18,10,23,0.0,0.0,0.0,6.478380404898775,6.473526473526474,nan,66.68
new_decision19,65.0,chb06,10.0,10,0,10,10,13,0.0,0.0,0.0,3.5991002249437636,3.5964035964035967,nan,66.68
new_decision19,70.0,chb06,0.3,10,4,137,10,198,0.4,0.028368794326241134,0.052980132450331126,49.30767308172956,49.27072927072927,-17.0,66.68
new_decision19,70.0,chb06,0.5,10,3,106,10,140,0.3,0.027522935779816515,0.05042016806722689,38.150462384403895,38.121878121878126,-14.666666666666666,66.68
new_decision19,70.0,chb06,1.0,10,3,67,10,87,0.3,0.04285714285714286,0.075,24.113971507123217,24.095904095904096,-14.666666666666666,66.68
new_decision19,70.0,chb06,2.0,10,1,32,10,44,0.1,0.030303030303030304,0.046511627906976744,11.517120719820044,11.50849150849151,-12.0,66.68
new_decision19,70.0,chb06,5.0,10,0,15,10,19,0.0,0.0,0.0,5.398650337415646,5.394605394605395,nan,66.68
new_decision19,70.0,chb06,10.0,10,0,8,10,11,0.0,0.0,0.0,2.879280179955011,2.8771228771228774,nan,66.68
new_decision19,75.0,chb06,0.3,10,3,114,10,165,0.3,0.02564102564102564,0.047244094488188976,41.02974256435891,40.999000999001,-14.666666666666666,66.68
new_decision19,75.0,chb06,0.5,10,3,89,10,118,0.3,0.03260869565217391,0.058823529411764705,32.0319920019995,32.00799200799201,-14.666666666666666,66.68
new_decision19,75.0,chb06,1.0,10,2,56,10,72,0.2,0.034482758620689655,0.058823529411764705,20.154961259685077,20.13986013986014,-8.0,66.68
new_decision19,75.0,chb06,2.0,10,0,27,10,36,0.0,0.0,0.0,9.717570607348161,9.710289710289711,nan,66.68
new_decision19,75.0,chb06,5.0,10,0,12,10,16,0.0,0.0,0.0,4.318920269932517,4.315684315684316,nan,66.68
new_decision19,75.0,chb06,10.0,10,0,6,10,9,0.0,0.0,0.0,2.1594601349662583,2.157842157842158,nan,66.68
new_decision19,80.0,chb06,0.3,10,3,88,10,133,0.3,0.03296703296703297,0.0594059405940594,31.672081979505123,31.64835164835165,-14.666666666666666,66.68
new_decision19,80.0,chb06,0.5,10,2,70,10,94,0.2,0.027777777777777776,0.04878048780487805,25.19370157460635,25.174825174825177,-8.0,66.68
new_decision19,80.0,chb06,1.0,10,2,43,10,58,0.2,0.044444444444444446,0.07272727272727272,15.476130967258182,15.464535464535466,-8.0,66.68
new_decision19,80.0,chb06,2.0,10,0,21,10,29,0.0,0.0,0.0,7.5581104723819035,7.5524475524475525,nan,66.68
new_decision19,80.0,chb06,5.0,10,0,9,10,13,0.0,0.0,0.0,3.2391902024493877,3.236763236763237,nan,66.68
new_decision19,80.0,chb06,10.0,10,0,5,10,8,0.0,0.0,0.0,1.7995501124718818,1.7982017982017984,nan,66.68
new_decision19,40.0,chb13,0.3,12,11,127,12,268,0.9166666666666666,0.07971014492753623,0.14666666666666667,92.8136419001218,92.36363636363636,2.5454545454545454,32.84
new_decision19,40.0,chb13,0.5,12,11,106,12,214,0.9166666666666666,0.09401709401709402,0.17054263565891473,77.46650426309378,77.0909090909091,0.7272727272727273,32.84
new_decision19,40.0,chb13,1.0,12,10,74,12,132,0.8333333333333334,0.11904761904761904,0.20833333333333334,54.0803897685749,53.81818181818182,-6.4,32.84
new_decision19,40.0,chb13,2.0,12,10,51,12,83,0.8333333333333334,0.16393442622950818,0.273972602739726,37.27161997563946,37.09090909090909,-6.4,32.84
new_decision19,40.0,chb13,5.0,12,6,22,12,36,0.5,0.21428571428571427,0.3,16.077953714981728,16.0,17.333333333333332,32.84
new_decision19,40.0,chb13,10.0,12,2,11,12,15,0.16666666666666666,0.15384615384615385,0.16,8.038976857490864,8.0,10.0,32.84
new_decision19,50.0,chb13,0.3,12,11,105,12,229,0.9166666666666666,0.09482758620689655,0.171875,76.73568818514006,76.36363636363636,2.5454545454545454,32.84
new_decision19,50.0,chb13,0.5,12,10,87,12,183,0.8333333333333334,0.10309278350515463,0.1834862385321101,63.58099878197319,63.27272727272727,-4.4,32.84
new_decision19,50.0,chb13,1.0,12,10,66,12,114,0.8333333333333334,0.13157894736842105,0.22727272727272727,48.23386114494518,48.0,-6.4,32.84
new_decision19,50.0,chb13,2.0,12,10,44,12,73,0.8333333333333334,0.18518518518518517,0.30303030303030304,32.155907429963456,32.0,-6.4,32.84
new_decision19,50.0,chb13,5.0,12,6,19,12,32,0.5,0.24,0.32432432432432434,13.885505481120584,13.818181818181818,17.333333333333332,32.84
new_decision19,50.0,chb13,10.0,12,2,9,12,13,0.16666666666666666,0.18181818181818182,0.17391304347826086,6.577344701583435,6.545454545454546,10.0,32.84
new_decision19,55.0,chb13,0.3,12,10,92,12,208,0.8333333333333334,0.09803921568627451,0.17543859649122806,67.23507917174177,66.9090909090909,-2.4,32.84
new_decision19,55.0,chb13,0.5,12,10,78,12,168,0.8333333333333334,0.11363636363636363,0.2,57.00365408038976,56.72727272727273,-4.4,32.84
new_decision19,55.0,chb13,1.0,12,10,61,12,105,0.8333333333333334,0.14084507042253522,0.24096385542168675,44.57978075517661,44.36363636363637,-6.4,32.84
new_decision19,55.0,chb13,2.0,12,10,40,12,66,0.8333333333333334,0.2,0.3225806451612903,29.232643118148594,29.09090909090909,-6.4,32.84
new_decision19,55.0,chb13,5.0,12,6,17,12,30,0.5,0.2608695652173913,0.34285714285714286,12.423873325213155,12.363636363636363,17.333333333333332,32.84
new_decision19,55.0,chb13,10.0,12,2,8,12,12,0.16666666666666666,0.2,0.18181818181818182,5.84652862362972,5.818181818181818,10.0,32.84
new_decision19,60.0,chb13,0.3,12,10,83,12,189,0.8333333333333334,0.10752688172043011,0.19047619047619047,60.65773447015834,60.36363636363637,-2.4,32.84
new_decision19,60.0,chb13,0.5,12,10,77,12,154,0.8333333333333334,0.11494252873563218,0.20202020202020202,56.272838002436046,56.0,-4.4,32.84
new_decision19,60.0,chb13,1.0,12,10,55,12,96,0.8333333333333334,0.15384615384615385,0.2597402597402597,40.19488428745432,40.0,-6.4,32.84
new_decision19,60.0,chb13,2.0,12,9,37,12,60,0.75,0.1956521739130435,0.3103448275862069,27.04019488428745,26.90909090909091,-4.888888888888889,32.84
new_decision19,60.0,chb13,5.0,12,6,16,12,28,0.5,0.2727272727272727,0.35294117647058826,11.69305724725944,11.636363636363637,17.333333333333332,32.84
new_decision19,60.0,chb13,10.0,12,2,7,12,11,0.16666666666666666,0.2222222222222222,0.19047619047619047,5.115712545676004,5.090909090909091,10.0,32.84
new_decision19,65.0,chb13,0.3,12,10,77,12,170,0.8333333333333334,0.11494252873563218,0.20202020202020202,56.272838002436046,56.0,-2.4,32.84
new_decision19,65.0,chb13,0.5,12,10,66,12,139,0.8333333333333334,0.13157894736842105,0.22727272727272727,48.23386114494518,48.0,-4.4,32.84
new_decision19,65.0,chb13,1.0,12,10,48,12,86,0.8333333333333334,0.1724137931034483,0.2857142857142857,35.07917174177832,34.90909090909091,-6.4,32.84
new_decision19,65.0,chb13,2.0,12,9,32,12,54,0.75,0.21951219512195122,0.33962264150943394,23.38611449451888,23.272727272727273,1.7777777777777777,32.84
new_decision19,65.0,chb13,5.0,12,6,14,12,26,0.5,0.3,0.375,10.231425091352008,10.181818181818182,17.333333333333332,32.84
new_decision19,65.0,chb13,10.0,12,2,6,12,10,0.16666666666666666,0.25,0.2,4.38489646772229,4.363636363636363,10.0,32.84
new_decision19,70.0,chb13,0.3,12,10,68,12,150,0.8333333333333334,0.1282051282051282,0.2222222222222222,49.69549330085262,49.45454545454545,-4.4,32.84
new_decision19,70.0,chb13,0.5,12,10,57,12,124,0.8333333333333334,0.14925373134328357,0.25316455696202533,41.65651644336175,41.45454545454545,-4.4,32.84
new_decision19,70.0,chb13,1.0,12,9,43,12,76,0.75,0.17307692307692307,0.28125,31.425091352009744,31.272727272727273,-4.888888888888889,32.84
new_decision19,70.0,chb13,2.0,12,9,28,12,47,0.75,0.24324324324324326,0.3673469387755102,20.462850182704017,20.363636363636363,8.444444444444445,32.84
new_decision19,70.0,chb13,5.0,12,6,12,12,23,0.5,0.3333333333333333,0.4,8.76979293544458,8.727272727272727,17.333333333333332,32.84
new_decision19,70.0,chb13,10.0,12,2,6,12,10,0.16666666666666666,0.25,0.2,4.38489646772229,4.363636363636363,10.0,32.84
new_decision19,75.0,chb13,0.3,12,10,57,12,131,0.8333333333333334,0.14925373134328357,0.25316455696202533,41.65651644336175,41.45454545454545,-4.4,32.84
new_decision19,75.0,chb13,0.5,12,10,46,12,108,0.8333333333333334,0.17857142857142858,0.29411764705882354,33.61753958587089,33.45454545454545,-4.4,32.84
new_decision19,75.0,chb13,1.0,12,9,35,12,66,0.75,0.20454545454545456,0.32142857142857145,25.57856272838002,25.454545454545453,-0.4444444444444444,32.84
new_decision19,75.0,chb13,2.0,12,9,23,12,42,0.75,0.28125,0.4090909090909091,16.808769792935443,16.727272727272727,8.444444444444445,32.84
new_decision19,75.0,chb13,5.0,12,6,10,12,21,0.5,0.375,0.42857142857142855,7.308160779537149,7.2727272727272725,17.333333333333332,32.84
new_decision19,75.0,chb13,10.0,12,2,5,12,9,0.16666666666666666,0.2857142857142857,0.21052631578947367,3.6540803897685743,3.6363636363636362,10.0,32.84
new_decision19,80.0,chb13,0.3,12,10,45,12,110,0.8333333333333334,0.18181818181818182,0.29850746268656714,32.88672350791717,32.72727272727273,-4.4,32.84
new_decision19,80.0,chb13,0.5,12,9,36,12,91,0.75,0.2,0.3157894736842105,26.30937880633374,26.181818181818183,-2.6666666666666665,32.84
new_decision19,80.0,chb13,1.0,12,9,30,12,56,0.75,0.23076923076923078,0.35294117647058826,21.924482338611448,21.818181818181817,6.222222222222222,32.84
new_decision19,80.0,chb13,2.0,12,7,19,12,34,0.5833333333333334,0.2692307692307692,0.3684210526315789,13.885505481120584,13.818181818181818,2.2857142857142856,32.84
new_decision19,80.0,chb13,5.0,12,6,8,12,19,0.5,0.42857142857142855,0.46153846153846156,5.84652862362972,5.818181818181818,17.333333333333332,32.84
new_decision19,80.0,chb13,10.0,12,2,4,12,8,0.16666666666666666,0.3333333333333333,0.2222222222222222,2.92326431181486,2.909090909090909,10.0,32.84
new_decision19,40.0,chb14,0.3,8,8,176,8,362,1.0,0.043478260869565216,0.08333333333333333,162.80244957389405,162.46153846153848,-7.5,25.95
new_decision19,40.0,chb14,0.5,8,7,159,8,272,0.875,0.04216867469879518,0.08045977011494253,147.07721296732475,146.76923076923077,13.714285714285714,25.95
new_decision19,40.0,chb14,1.0,8,7,124,8,175,0.875,0.05343511450381679,0.10071942446043165,114.70172583615263,114.46153846153847,13.714285714285714,25.95
new_decision19,40.0,chb14,2.0,8,6,75,8,98,0.75,0.07407407407407407,0.1348314606741573,69.37604385251167,69.23076923076924,14.666666666666666,25.95
new_decision19,40.0,chb14,5.0,8,2,26,8,31,0.25,0.07142857142857142,0.1111111111111111,24.05036186887071,24.0,-14.0,25.95
new_decision19,40.0,chb14,10.0,8,1,17,8,19,0.125,0.05555555555555555,0.07692307692307693,15.725236606569311,15.692307692307693,-16.0,25.95
new_decision19,50.0,chb14,0.3,8,7,155,8,302,0.875,0.043209876543209874,0.08235294117647059,143.37715729519078,143.0769230769231,8.0,25.95
new_decision19,50.0,chb14,0.5,8,7,138,8,228,0.875,0.04827586206896552,0.0915032679738562,127.65192068862147,127.38461538461539,13.714285714285714,25.95
new_decision19,50.0,chb14,1.0,8,7,106,8,147,0.875,0.061946902654867256,0.11570247933884298,98.05147531154982,97.84615384615385,13.714285714285714,25.95
new_decision19,50.0,chb14,2.0,8,6,61,8,83,0.75,0.08955223880597014,0.16,56.425849000042824,56.307692307692314,14.666666666666666,25.95
new_decision19,50.0,chb14,5.0,8,2,22,8,27,0.25,0.08333333333333333,0.125,20.350306196736756,20.30769230769231,-14.0,25.95
new_decision19,50.0,chb14,10.0,8,1,14,8,16,0.125,0.06666666666666667,0.08695652173913043,12.950194852468844,12.923076923076923,-16.0,25.95
new_decision19,55.0,chb14,0.3,8,7,140,8,273,0.875,0.047619047619047616,0.09032258064516129,129.50194852468846,129.23076923076923,8.0,25.95
new_decision19,55.0,chb14,0.5,8,7,128,8,206,0.875,0.05185185185185185,0.0979020979020979,118.40178150828658,118.15384615384616,13.714285714285714,25.95
new_decision19,55.0,chb14,1.0,8,7,97,8,133,0.875,0.0673076923076923,0.125,89.72635004924842,89.53846153846155,13.714285714285714,25.95
new_decision19,55.0,chb14,2.0,8,5,55,8,74,0.625,0.08333333333333333,0.14705882352941177,50.87576549184189,50.769230769230774,6.4,25.95
new_decision19,55.0,chb14,5.0,8,2,19,8,24,0.25,0.09523809523809523,0.13793103448275862,17.57526444263629,17.53846153846154,-14.0,25.95
new_decision19,55.0,chb14,10.0,8,1,13,8,15,0.125,0.07142857142857142,0.09090909090909091,12.025180934435355,12.0,-16.0,25.95
new_decision19,60.0,chb14,0.3,8,7,134,8,243,0.875,0.04964539007092199,0.09395973154362416,123.95186501648752,123.69230769230771,8.0,25.95
new_decision19,60.0,chb14,0.5,8,7,114,8,184,0.875,0.05785123966942149,0.10852713178294573,105.45158665581774,105.23076923076924,13.714285714285714,25.95
new_decision19,60.0,chb14,1.0,8,7,86,8,119,0.875,0.07526881720430108,0.13861386138613863,79.55119695088005,79.38461538461539,13.714285714285714,25.95
new_decision19,60.0,chb14,2.0,8,4,50,8,66,0.5,0.07407407407407407,0.12903225806451613,46.25069590167445,46.15384615384616,-3.0,25.95
new_decision19,60.0,chb14,5.0,8,2,17,8,22,0.25,0.10526315789473684,0.14814814814814814,15.725236606569311,15.692307692307693,-14.0,25.95
new_decision19,60.0,chb14,10.0,8,1,11,8,13,0.125,0.08333333333333333,0.1,10.175153098368378,10.153846153846155,-16.0,25.95
new_decision19,65.0,chb14,0.3,8,7,116,8,214,0.875,0.056910569105691054,0.10687022900763359,107.30161449188472,107.07692307692308,8.0,25.95
new_decision19,65.0,chb14,0.5,8,7,101,8,163,0.875,0.06481481481481481,0.1206896551724138,93.4264057213824,93.23076923076924,13.714285714285714,25.95
new_decision19,65.0,chb14,1.0,8,7,75,8,105,0.875,0.08536585365853659,0.15555555555555556,69.37604385251167,69.23076923076924,13.714285714285714,25.95
new_decision19,65.0,chb14,2.0,8,4,43,8,58,0.5,0.0851063829787234,0.14545454545454545,39.77559847544003,39.69230769230769,-3.0,25.95
new_decision19,65.0,chb14,5.0,8,1,14,8,18,0.125,0.06666666666666667,0.08695652173913043,12.950194852468844,12.923076923076923,-16.0,25.95
new_decision19,65.0,chb14,10.0,8,1,10,8,12,0.125,0.09090909090909091,0.10526315789473684,9.25013918033489,9.230769230769232,-16.0,25.95
new_decision19,70.0,chb14,0.3,8,7,100,8,185,0.875,0.06542056074766354,0.12173913043478261,92.5013918033489,92.30769230769232,13.714285714285714,25.95
new_decision19,70.0,chb14,0.5,8,7,87,8,141,0.875,0.07446808510638298,0.13725490196078433,80.47621086891354,80.3076923076923,13.714285714285714,25.95
new_decision19,70.0,chb14,1.0,8,5,66,8,90,0.625,0.07042253521126761,0.12658227848101267,61.05091859021027,60.92307692307693,10.4,25.95
new_decision19,70.0,chb14,2.0,8,4,37,8,50,0.5,0.0975609756097561,0.16326530612244897,34.22551496723909,34.15384615384615,-3.0,25.95
new_decision19,70.0,chb14,5.0,8,1,12,8,16,0.125,0.07692307692307693,0.09523809523809523,11.100167016401867,11.076923076923078,-16.0,25.95
new_decision19,70.0,chb14,10.0,8,1,8,8,10,0.125,0.1111111111111111,0.11764705882352941,7.400111344267911,7.384615384615385,-16.0,25.95
new_decision19,75.0,chb14,0.3,8,7,81,8,156,0.875,0.07954545454545454,0.14583333333333334,74.9261273607126,74.76923076923077,13.714285714285714,25.95
new_decision19,75.0,chb14,0.5,8,6,73,8,119,0.75,0.0759493670886076,0.13793103448275862,67.52601601644469,67.38461538461539,18.0,25.95
new_decision19,75.0,chb14,1.0,8,5,56,8,76,0.625,0.08196721311475409,0.14492753623188406,51.800779409875375,51.69230769230769,10.4,25.95
new_decision19,75.0,chb14,2.0,8,2,31,8,41,0.25,0.06060606060606061,0.0975609756097561,28.67543145903816,28.615384615384617,-22.0,25.95
new_decision19,75.0,chb14,5.0,8,1,10,8,14,0.125,0.09090909090909091,0.10526315789473684,9.25013918033489,9.230769230769232,-16.0,25.95
new_decision19,75.0,chb14,10.0,8,1,7,8,9,0.125,0.125,0.125,6.475097426234422,6.461538461538462,-16.0,25.95
new_decision19,80.0,chb14,0.3,8,5,66,8,126,0.625,0.07042253521126761,0.12658227848101267,61.05091859021027,60.92307692307693,10.4,25.95
new_decision19,80.0,chb14,0.5,8,4,59,8,95,0.5,0.06349206349206349,0.11267605633802817,54.575821163975846,54.46153846153847,18.4,25.95
new_decision19,80.0,chb14,1.0,8,5,47,8,62,0.625,0.09615384615384616,0.16666666666666666,43.475654147573984,43.38461538461539,10.4,25.95
new_decision19,80.0,chb14,2.0,8,2,24,8,33,0.25,0.07692307692307693,0.11764705882352941,22.200334032803735,22.153846153846157,-22.0,25.95
new_decision19,80.0,chb14,5.0,8,1,8,8,11,0.125,0.1111111111111111,0.11764705882352941,7.400111344267911,7.384615384615385,-16.0,25.95
new_decision19,80.0,chb14,10.0,8,1,5,8,7,0.125,0.16666666666666666,0.14285714285714285,4.625069590167445,4.615384615384616,-16.0,25.95
new_decision19,40.0,chb15,0.3,20,19,175,20,361,0.95,0.0979381443298969,0.17757009345794392,106.49987321443663,104.97667185069984,6.7368421052631575,39.44
new_decision19,40.0,chb15,0.5,20,19,138,20,264,0.95,0.12101910828025478,0.21468926553672316,83.98275716338433,82.78160408798044,8.842105263157896,39.44
new_decision19,40.0,chb15,1.0,20,19,83,20,164,0.95,0.18627450980392157,0.3114754098360656,50.5113684388471,49.78893579204621,7.7894736842105265,39.44
new_decision19,40.0,chb15,2.0,20,18,50,20,96,0.9,0.2647058823529412,0.4090909090909091,30.428535204124756,29.993334814485667,9.333333333333334,39.44
new_decision19,40.0,chb15,5.0,20,17,27,20,62,0.85,0.38636363636363635,0.53125,16.43140901022737,16.19640079982226,20.235294117647058,39.44
new_decision19,40.0,chb15,10.0,20,10,20,20,39,0.5,0.3333333333333333,0.4,12.171414081649903,11.997333925794267,40.8,39.44
new_decision19,50.0,chb15,0.3,20,19,148,20,313,0.95,0.11377245508982035,0.20320855614973263,90.06846420420928,88.78027105087757,6.7368421052631575,39.44
new_decision19,50.0,chb15,0.5,20,19,113,20,230,0.95,0.14393939393939395,0.25,68.76848956132196,67.78493668073762,8.842105263157896,39.44
new_decision19,50.0,chb15,1.0,20,19,72,20,145,0.95,0.2087912087912088,0.34234234234234234,43.81709069393965,43.19040213285936,7.7894736842105265,39.44
new_decision19,50.0,chb15,2.0,20,17,42,20,84,0.85,0.288135593220339,0.43037974683544306,25.559969571464798,25.194401244167963,19.058823529411764,39.44
new_decision19,50.0,chb15,5.0,20,16,22,20,55,0.8,0.42105263157894735,0.5517241379310345,13.388555489814891,13.197067318373694,23.25,39.44
new_decision19,50.0,chb15,10.0,20,10,17,20,36,0.5,0.37037037037037035,0.425531914893617,10.345701969402418,10.197733836925128,40.8,39.44
new_decision19,55.0,chb15,0.3,20,19,135,20,287,0.95,0.12337662337662338,0.21839080459770116,82.15704505113685,80.9820039991113,14.105263157894736,39.44
new_decision19,55.0,chb15,0.5,20,19,100,20,214,0.95,0.15966386554621848,0.2733812949640288,60.85707040824951,59.986669628971335,8.842105263157896,39.44
new_decision19,55.0,chb15,1.0,20,19,64,20,134,0.95,0.2289156626506024,0.36893203883495146,38.94852506127969,38.391468562541654,7.7894736842105265,39.44
new_decision19,55.0,chb15,2.0,20,16,37,20,77,0.8,0.3018867924528302,0.4383561643835616,22.51711605105232,22.195067762719393,22.0,39.44
new_decision19,55.0,chb15,5.0,20,16,20,20,52,0.8,0.4444444444444444,0.5714285714285714,12.171414081649903,11.997333925794267,23.25,39.44
new_decision19,55.0,chb15,10.0,20,10,15,20,34,0.5,0.4,0.4444444444444444,9.128560561237428,8.998000444345701,40.8,39.44
new_decision19,60.0,chb15,0.3,20,19,119,20,264,0.95,0.13768115942028986,0.24050632911392406,72.41991378581693,71.3841368584759,14.105263157894736,39.44
new_decision19,60.0,chb15,0.5,20,19,89,20,197,0.95,0.17592592592592593,0.296875,54.16279266334206,53.38813596978449,8.842105263157896,39.44
new_decision19,60.0,chb15,1.0,20,19,59,20,123,0.95,0.24358974358974358,0.3877551020408163,35.90567154086722,35.39213508109309,15.157894736842104,39.44
new_decision19,60.0,chb15,2.0,20,16,33,20,71,0.8,0.32653061224489793,0.463768115942029,20.08283323472234,19.795600977560543,22.0,39.44
new_decision19,60.0,chb15,5.0,20,16,18,20,50,0.8,0.47058823529411764,0.5925925925925926,10.954272673484912,10.79760053321484,23.25,39.44
new_decision19,60.0,chb15,10.0,20,9,13,20,31,0.45,0.4090909090909091,0.42857142857142855,7.911419153072436,7.798267051766274,18.666666666666668,39.44
new_decision19,65.0,chb15,0.3,20,19,103,20,240,0.95,0.1557377049180328,0.2676056338028169,62.682782520497,61.786269717840476,14.105263157894736,39.44
new_decision19,65.0,chb15,0.5,20,19,80,20,180,0.95,0.1919191919191919,0.31932773109243695,48.68565632659961,47.98933570317707,8.842105263157896,39.44
new_decision19,65.0,chb15,1.0,20,17,54,20,112,0.85,0.23943661971830985,0.37362637362637363,32.86281802045474,32.39280159964452,10.117647058823529,39.44
new_decision19,65.0,chb15,2.0,20,16,29,20,67,0.8,0.35555555555555557,0.49230769230769234,17.64855041839236,17.39613419240169,22.0,39.44
new_decision19,65.0,chb15,5.0,20,16,15,20,47,0.8,0.5161290322580645,0.6274509803921569,9.128560561237428,8.998000444345701,23.25,39.44
new_decision19,65.0,chb15,10.0,20,9,12,20,30,0.45,0.42857142857142855,0.43902439024390244,7.302848448989941,7.1984003554765605,18.666666666666668,39.44
new_decision19,70.0,chb15,0.3,20,19,86,20,216,0.95,0.18095238095238095,0.304,52.33708055109457,51.58853588091535,14.105263157894736,39.44
new_decision19,70.0,chb15,0.5,20,19,70,20,160,0.95,0.21348314606741572,0.3486238532110092,42.59994928577466,41.990668740279936,16.210526315789473,39.44
new_decision19,70.0,chb15,1.0,20,16,44,20,101,0.8,0.26666666666666666,0.4,26.777110979629782,26.39413463674739,10.75,39.44
new_decision19,70.0,chb15,2.0,20,16,25,20,62,0.8,0.3902439024390244,0.5245901639344263,15.214267602062378,14.996667407242834,22.0,39.44
new_decision19,70.0,chb15,5.0,20,16,13,20,44,0.8,0.5517241379310345,0.6530612244897959,7.911419153072436,7.798267051766274,23.25,39.44
new_decision19,70.0,chb15,10.0,20,9,10,20,28,0.45,0.47368421052631576,0.46153846153846156,6.085707040824952,5.998666962897134,18.666666666666668,39.44
new_decision19,75.0,chb15,0.3,20,19,73,20,190,0.95,0.20652173913043478,0.3392857142857143,44.42566139802214,43.79026882914908,14.105263157894736,39.44
new_decision19,75.0,chb15,0.5,20,17,61,20,142,0.85,0.21794871794871795,0.3469387755102041,37.12281294903221,36.59186847367251,11.294117647058824,39.44
new_decision19,75.0,chb15,1.0,20,16,38,20,91,0.8,0.2962962962962963,0.43243243243243246,23.125686755134815,22.79493445900911,22.0,39.44
new_decision19,75.0,chb15,2.0,20,16,22,20,56,0.8,0.42105263157894735,0.5517241379310345,13.388555489814891,13.197067318373694,22.0,39.44
new_decision19,75.0,chb15,5.0,20,16,12,20,42,0.8,0.5714285714285714,0.6666666666666666,7.302848448989941,7.1984003554765605,23.25,39.44
new_decision19,75.0,chb15,10.0,20,9,9,20,27,0.45,0.5,0.47368421052631576,5.477136336742456,5.39880026660742,18.666666666666668,39.44
new_decision19,80.0,chb15,0.3,20,18,60,20,163,0.9,0.23076923076923078,0.3673469387755102,36.51424224494971,35.992001777382804,14.666666666666666,39.44
new_decision19,80.0,chb15,0.5,20,16,46,20,122,0.8,0.25806451612903225,0.3902439024390244,27.994252387794774,27.593868029326817,20.75,39.44
new_decision19,80.0,chb15,1.0,20,16,31,20,81,0.8,0.3404255319148936,0.47761194029850745,18.86569182655735,18.595867584981114,22.0,39.44
new_decision19,80.0,chb15,2.0,20,16,18,20,51,0.8,0.47058823529411764,0.5925925925925926,10.954272673484912,10.79760053321484,22.0,39.44
new_decision19,80.0,chb15,5.0,20,15,10,20,37,0.75,0.6,0.6666666666666666,6.085707040824952,5.998666962897134,26.133333333333333,39.44
new_decision19,80.0,chb15,10.0,20,9,7,20,25,0.45,0.5625,0.5,4.259994928577466,4.199066874027993,18.666666666666668,39.44
new_decision19,40.0,chb16,0.3,10,9,62,10,122,0.9,0.1267605633802817,0.2222222222222222,78.44423617619495,78.31578947368422,3.2,18.97
new_decision19,40.0,chb16,0.5,10,9,55,10,90,0.9,0.140625,0.24324324324324326,69.58762886597938,69.47368421052632,2.6666666666666665,18.97
new_decision19,40.0,chb16,1.0,10,5,37,10,53,0.5,0.11904761904761904,0.19230769230769232,46.813495782567955,46.73684210526316,11.2,18.97
new_decision19,40.0,chb16,2.0,10,3,20,10,28,0.3,0.13043478260869565,0.18181818181818182,25.304592314901598,25.263157894736842,-2.6666666666666665,18.97
new_decision19,40.0,chb16,5.0,10,0,14,10,17,0.0,0.0,0.0,17.713214620431117,17.68421052631579,nan,18.97
new_decision19,40.0,chb16,10.0,10,0,6,10,6,0.0,0.0,0.0,7.591377694470479,7.578947368421053,nan,18.97
new_decision19,50.0,chb16,0.3,10,9,56,10,102,0.9,0.13846153846153847,0.24,70.85285848172447,70.73684210526316,2.6666666666666665,18.97
new_decision19,50.0,chb16,0.5,10,8,48,10,74,0.8,0.14285714285714285,0.24242424242424243,60.73102155576383,60.631578947368425,6.0,18.97
new_decision19,50.0,chb16,1.0,10,5,31,10,45,0.5,0.1388888888888889,0.21739130434782608,39.222118088097474,39.15789473684211,11.2,18.97
new_decision19,50.0,chb16,2.0,10,2,16,10,23,0.2,0.1111111111111111,0.14285714285714285,20.243673851921276,20.210526315789476,10.0,18.97
new_decision19,50.0,chb16,5.0,10,0,11,10,14,0.0,0.0,0.0,13.917525773195877,13.894736842105264,nan,18.97
new_decision19,50.0,chb16,10.0,10,0,5,10,5,0.0,0.0,0.0,6.326148078725399,6.315789473684211,nan,18.97
new_decision19,55.0,chb16,0.3,10,9,50,10,92,0.9,0.15254237288135594,0.2608695652173913,63.26148078725399,63.15789473684211,2.6666666666666665,18.97
new_decision19,55.0,chb16,0.5,10,7,44,10,67,0.7,0.13725490196078433,0.22950819672131148,55.670103092783506,55.578947368421055,10.857142857142858,18.97
new_decision19,55.0,chb16,1.0,10,4,28,10,40,0.4,0.125,0.19047619047619047,35.426429240862234,35.36842105263158,5.0,18.97
new_decision19,55.0,chb16,2.0,10,2,14,10,21,0.2,0.125,0.15384615384615385,17.713214620431117,17.68421052631579,10.0,18.97
new_decision19,55.0,chb16,5.0,10,0,10,10,13,0.0,0.0,0.0,12.652296157450799,12.631578947368421,nan,18.97
new_decision19,55.0,chb16,10.0,10,0,5,10,5,0.0,0.0,0.0,6.326148078725399,6.315789473684211,nan,18.97
new_decision19,60.0,chb16,0.3,10,8,45,10,81,0.8,0.1509433962264151,0.25396825396825395,56.935332708528584,56.8421052631579,6.0,18.97
new_decision19,60.0,chb16,0.5,10,7,39,10,60,0.7,0.15217391304347827,0.25,49.34395501405811,49.26315789473684,10.857142857142858,18.97
new_decision19,60.0,chb16,1.0,10,4,24,10,36,0.4,0.14285714285714285,0.21052631578947367,30.365510777881916,30.315789473684212,5.0,18.97
new_decision19,60.0,chb16,2.0,10,2,12,10,19,0.2,0.14285714285714285,0.16666666666666666,15.182755388940958,15.157894736842106,10.0,18.97
new_decision19,60.0,chb16,5.0,10,0,8,10,11,0.0,0.0,0.0,10.121836925960638,10.105263157894738,nan,18.97
new_decision19,60.0,chb16,10.0,10,0,4,10,4,0.0,0.0,0.0,5.060918462980319,5.052631578947369,nan,18.97
new_decision19,65.0,chb16,0.3,10,7,40,10,71,0.7,0.14893617021276595,0.24561403508771928,50.609184629803195,50.526315789473685,10.857142857142858,18.97
new_decision19,65.0,chb16,0.5,10,7,36,10,54,0.7,0.16279069767441862,0.2641509433962264,45.54826616682287,45.473684210526315,10.857142857142858,18.97
new_decision19,65.0,chb16,1.0,10,3,23,10,31,0.3,0.11538461538461539,0.16666666666666666,29.100281162136834,29.05263157894737,16.0,18.97
new_decision19,65.0,chb16,2.0,10,2,10,10,16,0.2,0.16666666666666666,0.18181818181818182,12.652296157450799,12.631578947368421,10.0,18.97
new_decision19,65.0,chb16,5.0,10,0,7,10,10,0.0,0.0,0.0,8.856607310215558,8.842105263157896,nan,18.97
new_decision19,65.0,chb16,10.0,10,0,4,10,4,0.0,0.0,0.0,5.060918462980319,5.052631578947369,nan,18.97
new_decision19,70.0,chb16,0.3,10,7,36,10,62,0.7,0.16279069767441862,0.2641509433962264,45.54826616682287,45.473684210526315,10.857142857142858,18.97
new_decision19,70.0,chb16,0.5,10,6,30,10,46,0.6,0.16666666666666666,0.2608695652173913,37.95688847235239,37.89473684210527,6.666666666666667,18.97
new_decision19,70.0,chb16,1.0,10,2,20,10,27,0.2,0.09090909090909091,0.125,25.304592314901598,25.263157894736842,10.0,18.97
new_decision19,70.0,chb16,2.0,10,0,8,10,12,0.0,0.0,0.0,10.121836925960638,10.105263157894738,nan,18.97
new_decision19,70.0,chb16,5.0,10,0,6,10,9,0.0,0.0,0.0,7.591377694470479,7.578947368421053,nan,18.97
new_decision19,70.0,chb16,10.0,10,0,3,10,3,0.0,0.0,0.0,3.7956888472352395,3.7894736842105265,nan,18.97
new_decision19,75.0,chb16,0.3,10,6,29,10,52,0.6,0.17142857142857143,0.26666666666666666,36.69165885660731,36.631578947368425,6.666666666666667,18.97
new_decision19,75.0,chb16,0.5,10,4,26,10,38,0.4,0.13333333333333333,0.2,32.89597000937207,32.8421052631579,22.0,18.97
new_decision19,75.0,chb16,1.0,10,2,16,10,23,0.2,0.1111111111111111,0.14285714285714285,20.243673851921276,20.210526315789476,10.0,18.97
new_decision19,75.0,chb16,2.0,10,0,7,10,10,0.0,0.0,0.0,8.856607310215558,8.842105263157896,nan,18.97
new_decision19,75.0,chb16,5.0,10,0,5,10,7,0.0,0.0,0.0,6.326148078725399,6.315789473684211,nan,18.97
new_decision19,75.0,chb16,10.0,10,0,3,10,3,0.0,0.0,0.0,3.7956888472352395,3.7894736842105265,nan,18.97
new_decision19,80.0,chb16,0.3,10,4,25,10,41,0.4,0.13793103448275862,0.20512820512820512,31.630740393626994,31.578947368421055,22.0,18.97
new_decision19,80.0,chb16,0.5,10,2,21,10,29,0.2,0.08695652173913043,0.12121212121212122,26.569821930646675,26.526315789473685,10.0,18.97
new_decision19,80.0,chb16,1.0,10,2,12,10,18,0.2,0.14285714285714285,0.16666666666666666,15.182755388940958,15.157894736842106,10.0,18.97
new_decision19,80.0,chb16,2.0,10,0,6,10,8,0.0,0.0,0.0,7.591377694470479,7.578947368421053,nan,18.97
new_decision19,80.0,chb16,5.0,10,0,5,10,6,0.0,0.0,0.0,6.326148078725399,6.315789473684211,nan,18.97
new_decision19,80.0,chb16,10.0,10,0,2,10,2,0.0,0.0,0.0,2.5304592314901595,2.5263157894736845,nan,18.97
new_decision19,40.0,chb17,0.3,3,3,90,3,164,1.0,0.03225806451612903,0.0625,103.22854715378081,102.82450015867978,46.666666666666664,20.92
new_decision19,40.0,chb17,0.5,3,2,71,3,119,0.6666666666666666,0.0273972602739726,0.05263157894736842,81.43585386576041,81.11710568073627,18.0,20.92
new_decision19,40.0,chb17,1.0,3,2,52,3,81,0.6666666666666666,0.037037037037037035,0.07017543859649122,59.64316057774002,59.409711202792764,18.0,20.92
new_decision19,40.0,chb17,2.0,3,2,27,3,50,0.6666666666666666,0.06896551724137931,0.125,30.96856414613424,30.847350047603932,28.0,20.92
new_decision19,40.0,chb17,5.0,3,2,10,3,29,0.6666666666666666,0.16666666666666666,0.26666666666666666,11.469838572642312,11.424944462075532,98.0,20.92
new_decision19,40.0,chb17,10.0,3,2,7,3,24,0.6666666666666666,0.2222222222222222,0.3333333333333333,8.028887000849618,7.997461123452871,98.0,20.92
new_decision19,50.0,chb17,0.3,3,2,76,3,138,0.6666666666666666,0.02564102564102564,0.04938271604938271,87.17077315208158,86.82957791177404,18.0,20.92
new_decision19,50.0,chb17,0.5,3,2,58,3,100,0.6666666666666666,0.03333333333333333,0.06349206349206349,66.52506372132541,66.26467788003808,18.0,20.92
new_decision19,50.0,chb17,1.0,3,2,41,3,69,0.6666666666666666,0.046511627906976744,0.08695652173913043,47.02633814783348,46.84227229450968,18.0,20.92
new_decision19,50.0,chb17,2.0,3,2,20,3,43,0.6666666666666666,0.09090909090909091,0.16,22.939677145284623,22.849888924151063,28.0,20.92
new_decision19,50.0,chb17,5.0,3,2,8,3,25,0.6666666666666666,0.2,0.3076923076923077,9.17587085811385,9.139955569660424,98.0,20.92
new_decision19,50.0,chb17,10.0,3,2,4,3,20,0.6666666666666666,0.3333333333333333,0.4444444444444444,4.587935429056925,4.569977784830212,98.0,20.92
new_decision19,55.0,chb17,0.3,3,2,66,3,124,0.6666666666666666,0.029411764705882353,0.056338028169014086,75.70093457943926,75.40463344969851,18.0,20.92
new_decision19,55.0,chb17,0.5,3,2,51,3,91,0.6666666666666666,0.03773584905660377,0.07142857142857142,58.49617672047579,58.267216756585206,18.0,20.92
new_decision19,55.0,chb17,1.0,3,2,35,3,63,0.6666666666666666,0.05405405405405406,0.1,40.144435004248095,39.98730561726436,18.0,20.92
new_decision19,55.0,chb17,2.0,3,2,17,3,39,0.6666666666666666,0.10526315789473684,0.18181818181818182,19.498725573491928,19.422405585528402,28.0,20.92
new_decision19,55.0,chb17,5.0,3,2,6,3,23,0.6666666666666666,0.25,0.36363636363636365,6.8819031435853875,6.854966677245319,98.0,20.92
new_decision19,55.0,chb17,10.0,3,1,3,3,14,0.3333333333333333,0.25,0.2857142857142857,3.4409515717926937,3.4274833386226593,156.0,20.92
new_decision19,60.0,chb17,0.3,3,2,58,3,111,0.6666666666666666,0.03333333333333333,0.06349206349206349,66.52506372132541,66.26467788003808,18.0,20.92
new_decision19,60.0,chb17,0.5,3,2,43,3,82,0.6666666666666666,0.044444444444444446,0.08333333333333333,49.320305862361934,49.127261186924784,18.0,20.92
new_decision19,60.0,chb17,1.0,3,2,30,3,57,0.6666666666666666,0.0625,0.11428571428571428,34.409515717926936,34.27483338622659,18.0,20.92
new_decision19,60.0,chb17,2.0,3,2,16,3,36,0.6666666666666666,0.1111111111111111,0.19047619047619047,18.3517417162277,18.27991113932085,28.0,20.92
new_decision19,60.0,chb17,5.0,3,2,5,3,22,0.6666666666666666,0.2857142857142857,0.4,5.734919286321156,5.712472231037766,98.0,20.92
new_decision19,60.0,chb17,10.0,3,0,2,3,11,0.0,0.0,0.0,2.2939677145284625,2.284988892415106,nan,20.92
new_decision19,65.0,chb17,0.3,3,2,51,3,99,0.6666666666666666,0.03773584905660377,0.07142857142857142,58.49617672047579,58.267216756585206,18.0,20.92
new_decision19,65.0,chb17,0.5,3,2,36,3,73,0.6666666666666666,0.05263157894736842,0.0975609756097561,41.29141886151232,41.12980006347191,18.0,20.92
new_decision19,65.0,chb17,1.0,3,2,26,3,51,0.6666666666666666,0.07142857142857142,0.12903225806451613,29.82158028887001,29.704855601396382,18.0,20.92
new_decision19,65.0,chb17,2.0,3,2,12,3,32,0.6666666666666666,0.14285714285714285,0.23529411764705882,13.763806287170775,13.709933354490637,28.0,20.92
new_decision19,65.0,chb17,5.0,3,1,3,3,14,0.3333333333333333,0.25,0.2857142857142857,3.4409515717926937,3.4274833386226593,156.0,20.92
new_decision19,65.0,chb17,10.0,3,0,2,3,10,0.0,0.0,0.0,2.2939677145284625,2.284988892415106,nan,20.92
new_decision19,70.0,chb17,0.3,3,2,39,3,86,0.6666666666666666,0.04878048780487805,0.09090909090909091,44.732370433305015,44.55728340209457,18.0,20.92
new_decision19,70.0,chb17,0.5,3,2,28,3,64,0.6666666666666666,0.06666666666666667,0.12121212121212122,32.11554800339847,31.989844493811486,18.0,20.92
new_decision19,70.0,chb17,1.0,3,2,22,3,45,0.6666666666666666,0.08333333333333333,0.14814814814814814,25.233644859813083,25.134877816566167,18.0,20.92
new_decision19,70.0,chb17,2.0,3,2,10,3,29,0.6666666666666666,0.16666666666666666,0.26666666666666666,11.469838572642312,11.424944462075532,98.0,20.92
new_decision19,70.0,chb17,5.0,3,0,2,3,11,0.0,0.0,0.0,2.2939677145284625,2.284988892415106,nan,20.92
new_decision19,70.0,chb17,10.0,3,0,2,3,9,0.0,0.0,0.0,2.2939677145284625,2.284988892415106,nan,20.92
new_decision19,75.0,chb17,0.3,3,2,29,3,74,0.6666666666666666,0.06451612903225806,0.11764705882352941,33.262531860662705,33.13233894001904,18.0,20.92
new_decision19,75.0,chb17,0.5,3,2,23,3,55,0.6666666666666666,0.08,0.14285714285714285,26.380628717077315,26.27737226277372,18.0,20.92
new_decision19,75.0,chb17,1.0,3,2,17,3,39,0.6666666666666666,0.10526315789473684,0.18181818181818182,19.498725573491928,19.422405585528402,18.0,20.92
new_decision19,75.0,chb17,2.0,3,2,8,3,25,0.6666666666666666,0.2,0.3076923076923077,9.17587085811385,9.139955569660424,98.0,20.92
new_decision19,75.0,chb17,5.0,3,0,2,3,9,0.0,0.0,0.0,2.2939677145284625,2.284988892415106,nan,20.92
new_decision19,75.0,chb17,10.0,3,0,2,3,7,0.0,0.0,0.0,2.2939677145284625,2.284988892415106,nan,20.92
new_decision19,80.0,chb17,0.3,3,2,23,3,61,0.6666666666666666,0.08,0.14285714285714285,26.380628717077315,26.27737226277372,18.0,20.92
new_decision19,80.0,chb17,0.5,3,2,18,3,46,0.6666666666666666,0.1,0.17391304347826086,20.64570943075616,20.564900031735956,18.0,20.92
new_decision19,80.0,chb17,1.0,3,2,12,3,33,0.6666666666666666,0.14285714285714285,0.23529411764705882,13.763806287170775,13.709933354490637,18.0,20.92
new_decision19,80.0,chb17,2.0,3,2,5,3,22,0.6666666666666666,0.2857142857142857,0.4,5.734919286321156,5.712472231037766,98.0,20.92
new_decision19,80.0,chb17,5.0,3,0,2,3,8,0.0,0.0,0.0,2.2939677145284625,2.284988892415106,nan,20.92
new_decision19,80.0,chb17,10.0,3,0,2,3,6,0.0,0.0,0.0,2.2939677145284625,2.284988892415106,nan,20.92
new_decision19,40.0,chb18,0.3,6,5,167,6,287,0.8333333333333334,0.029069767441860465,0.056179775280898875,112.77081314283926,112.47895229186155,0.0,35.54
new_decision19,40.0,chb18,0.5,6,5,149,6,226,0.8333333333333334,0.032467532467532464,0.0625,100.6158751992997,100.35547240411599,4.0,35.54
new_decision19,40.0,chb18,1.0,6,5,104,6,149,0.8333333333333334,0.045871559633027525,0.08695652173913043,70.2285303404508,70.0467726847521,0.0,35.54
new_decision19,40.0,chb18,2.0,6,5,62,6,79,0.8333333333333334,0.07462686567164178,0.136986301369863,41.86700847219183,41.758652946679135,-8.0,35.54
new_decision19,40.0,chb18,5.0,6,5,35,6,46,0.8333333333333334,0.125,0.21739130434782608,23.63460155688248,23.573433115060805,-12.0,35.54
new_decision19,40.0,chb18,10.0,6,4,15,6,23,0.6666666666666666,0.21052631578947367,0.32,10.129114952949635,10.10289990645463,-10.0,35.54
new_decision19,50.0,chb18,0.3,6,5,134,6,244,0.8333333333333334,0.03597122302158273,0.06896551724137931,90.48676024635007,90.25257249766136,0.0,35.54
new_decision19,50.0,chb18,0.5,6,5,125,6,192,0.8333333333333334,0.038461538461538464,0.07352941176470588,84.4092912745803,84.19083255378858,4.0,35.54
new_decision19,50.0,chb18,1.0,6,5,86,6,127,0.8333333333333334,0.054945054945054944,0.10309278350515463,58.07359239691124,57.923292797006546,0.0,35.54
new_decision19,50.0,chb18,2.0,6,5,52,6,68,0.8333333333333334,0.08771929824561403,0.15873015873015872,35.1142651702254,35.02338634237605,-8.0,35.54
new_decision19,50.0,chb18,5.0,6,5,29,6,40,0.8333333333333334,0.14705882352941177,0.25,19.582955575702627,19.53227315247895,-12.0,35.54
new_decision19,50.0,chb18,10.0,6,4,13,6,21,0.6666666666666666,0.23529411764705882,0.34782608695652173,8.77856629255635,8.755846585594012,-10.0,35.54
new_decision19,55.0,chb18,0.3,6,5,124,6,222,0.8333333333333334,0.03875968992248062,0.07407407407407407,83.73401694438365,83.51730589335827,0.0,35.54
new_decision19,55.0,chb18,0.5,6,5,113,6,174,0.8333333333333334,0.0423728813559322,0.08064516129032258,76.30599931222059,76.10851262862488,4.0,35.54
new_decision19,55.0,chb18,1.0,6,5,76,6,115,0.8333333333333334,0.06172839506172839,0.11494252873563218,51.32084909494482,51.18802619270346,0.0,35.54
new_decision19,55.0,chb18,2.0,6,5,47,6,62,0.8333333333333334,0.09615384615384616,0.1724137931034483,31.737893519242192,31.655753040224507,-8.0,35.54
new_decision19,55.0,chb18,5.0,6,5,26,6,37,0.8333333333333334,0.16129032258064516,0.2702702702702703,17.5571325851127,17.511693171188025,-12.0,35.54
new_decision19,55.0,chb18,10.0,6,4,11,6,19,0.6666666666666666,0.26666666666666666,0.38095238095238093,7.4280176321630655,7.408793264733395,-10.0,35.54
new_decision19,60.0,chb18,0.3,6,5,112,6,200,0.8333333333333334,0.042735042735042736,0.08130081300813008,75.63072498202393,75.43498596819457,0.0,35.54
new_decision19,60.0,chb18,0.5,6,5,102,6,157,0.8333333333333334,0.04672897196261682,0.08849557522123894,68.87798168005752,68.69971936389149,4.0,35.54
new_decision19,60.0,chb18,1.0,6,5,68,6,105,0.8333333333333334,0.0684931506849315,0.12658227848101267,45.91865445337168,45.79981290926099,0.0,35.54
new_decision19,60.0,chb18,2.0,6,5,41,6,56,0.8333333333333334,0.10869565217391304,0.19230769230769232,27.68624753806234,27.614593077642656,-8.0,35.54
new_decision19,60.0,chb18,5.0,6,5,23,6,34,0.8333333333333334,0.17857142857142858,0.29411764705882354,15.531309594522774,15.4911131898971,-12.0,35.54
new_decision19,60.0,chb18,10.0,6,4,10,6,18,0.6666666666666666,0.2857142857142857,0.4,6.752743301966424,6.735266604303087,-10.0,35.54
new_decision19,65.0,chb18,0.3,6,5,98,6,178,0.8333333333333334,0.04854368932038835,0.09174311926605505,66.17688435927094,66.00561272217026,0.0,35.54
new_decision19,65.0,chb18,0.5,6,5,87,6,140,0.8333333333333334,0.05434782608695652,0.10204081632653061,58.74886672710788,58.59681945743686,4.0,35.54
new_decision19,65.0,chb18,1.0,6,5,63,6,94,0.8333333333333334,0.07352941176470588,0.13513513513513514,42.54228280238847,42.43217960710945,0.0,35.54
new_decision19,65.0,chb18,2.0,6,5,36,6,50,0.8333333333333334,0.12195121951219512,0.2127659574468085,24.309875887079126,24.246959775491113,-8.0,35.54
new_decision19,65.0,chb18,5.0,6,5,20,6,31,0.8333333333333334,0.2,0.3225806451612903,13.505486603932848,13.470533208606174,-12.0,35.54
new_decision19,65.0,chb18,10.0,6,4,9,6,17,0.6666666666666666,0.3076923076923077,0.42105263157894735,6.077468971769782,6.061739943872778,-10.0,35.54
new_decision19,70.0,chb18,0.3,6,5,80,6,157,0.8333333333333334,0.058823529411764705,0.10989010989010989,54.02194641573139,53.882132834424695,0.0,35.54
new_decision19,70.0,chb18,0.5,6,5,74,6,123,0.8333333333333334,0.06329113924050633,0.11764705882352941,49.97030043455153,49.840972871842844,4.0,35.54
new_decision19,70.0,chb18,1.0,6,5,53,6,83,0.8333333333333334,0.08620689655172414,0.15625,35.78953950042204,35.69691300280636,0.0,35.54
new_decision19,70.0,chb18,2.0,6,5,32,6,45,0.8333333333333334,0.13513513513513514,0.23255813953488372,21.608778566292553,21.552853133769876,-8.0,35.54
new_decision19,70.0,chb18,5.0,6,5,18,6,28,0.8333333333333334,0.21739130434782608,0.3448275862068966,12.154937943539563,12.123479887745557,-12.0,35.54
new_decision19,70.0,chb18,10.0,6,4,8,6,16,0.6666666666666666,0.3333333333333333,0.4444444444444444,5.402194641573138,5.388213283442469,-10.0,35.54
new_decision19,75.0,chb18,0.3,6,5,67,6,135,0.8333333333333334,0.06944444444444445,0.1282051282051282,45.24338012317504,45.12628624883068,0.0,35.54
new_decision19,75.0,chb18,0.5,6,5,65,6,106,0.8333333333333334,0.07142857142857142,0.13157894736842105,43.89283146278175,43.779232927970064,4.0,35.54
new_decision19,75.0,chb18,1.0,6,5,45,6,72,0.8333333333333334,0.1,0.17857142857142858,30.387344858848905,30.30869971936389,0.0,35.54
new_decision19,75.0,chb18,2.0,6,5,26,6,39,0.8333333333333334,0.16129032258064516,0.2702702702702703,17.5571325851127,17.511693171188025,-8.0,35.54
new_decision19,75.0,chb18,5.0,6,5,15,6,25,0.8333333333333334,0.25,0.38461538461538464,10.129114952949635,10.10289990645463,-12.0,35.54
new_decision19,75.0,chb18,10.0,6,4,7,6,15,0.6666666666666666,0.36363636363636365,0.47058823529411764,4.726920311376496,4.7146866230121605,-10.0,35.54
new_decision19,80.0,chb18,0.3,6,5,53,6,113,0.8333333333333334,0.08620689655172414,0.15625,35.78953950042204,35.69691300280636,0.0,35.54
new_decision19,80.0,chb18,0.5,6,5,52,6,88,0.8333333333333334,0.08771929824561403,0.15873015873015872,35.1142651702254,35.02338634237605,4.0,35.54
new_decision19,80.0,chb18,1.0,6,5,36,6,61,0.8333333333333334,0.12195121951219512,0.2127659574468085,24.309875887079126,24.246959775491113,0.0,35.54
new_decision19,80.0,chb18,2.0,6,5,21,6,33,0.8333333333333334,0.19230769230769232,0.3125,14.180760934129488,14.144059869036482,-8.0,35.54
new_decision19,80.0,chb18,5.0,6,5,12,6,22,0.8333333333333334,0.29411764705882354,0.43478260869565216,8.103291962359707,8.082319925163704,-12.0,35.54
new_decision19,80.0,chb18,10.0,6,4,5,6,13,0.6666666666666666,0.4444444444444444,0.5333333333333333,3.376371650983212,3.3676333021515434,-10.0,35.54
